date,kah,mar_auto,mob_mar_aut,month
2011-01-01,0,13,0,201101
2011-01-02,0,11,0,201101
2011-01-03,0,45,0,201101
2011-01-04,0,50,0,201101
2011-01-05,0,53,0,201101
2011-01-06,0,63,0,201101
2011-01-07,0,45,0,201101
2011-01-08,0,13,0,201101
2011-01-09,0,22,0,201101
2011-01-10,0,47,0,201101
2011-01-11,0,102,0,201101
2011-01-12,0,85,0,201101
2011-01-13,0,32,0,201101
2011-01-14,0,48,0,201101
2011-01-15,0,14,0,201101
2011-01-16,0,19,0,201101
2011-01-17,0,51,0,201101
2011-01-18,0,54,0,201101
2011-01-19,0,49,0,201101
2011-01-20,0,51,0,201101
2011-01-21,0,41,0,201101
2011-01-22,0,27,0,201101
2011-01-23,0,22,0,201101
2011-01-24,0,37,0,201101
2011-01-25,0,39,0,201101
2011-01-26,0,58,0,201101
2011-01-27,0,45,0,201101
2011-01-28,0,40,0,201101
2011-01-29,0,25,0,201101
2011-01-30,0,24,0,201101
2011-01-31,0,47,0,201101
2011-02-01,0,53,0,201102
2011-02-02,0,56,0,201102
2011-02-03,0,53,0,201102
2011-02-04,0,35,0,201102
2011-02-05,0,17,0,201102
2011-02-06,0,26,0,201102
2011-02-07,0,47,0,201102
2011-02-08,0,46,0,201102
2011-02-09,0,56,0,201102
2011-02-10,0,46,0,201102
2011-02-11,0,34,0,201102
2011-02-12,0,17,0,201102
2011-02-13,0,26,0,201102
2011-02-14,0,41,0,201102
2011-02-15,0,72,0,201102
2011-02-16,0,59,0,201102
2011-02-17,0,51,0,201102
2011-02-18,0,51,0,201102
2011-02-19,0,47,0,201102
2011-02-20,0,24,0,201102
2011-02-21,0,44,0,201102
2011-02-22,0,54,0,201102
2011-02-23,0,45,0,201102
2011-02-24,0,45,0,201102
2011-02-25,0,36,0,201102
2011-02-26,0,31,0,201102
2011-02-27,0,21,0,201102
2011-02-28,0,43,0,201102
2011-02-29,0,0,0,201102
2011-02-30,0,0,0,201102
2011-02-31,0,0,0,201102
2011-03-01,0,59,0,201103
2011-03-02,0,48,0,201103
2011-03-03,0,53,0,201103
2011-03-04,0,63,0,201103
2011-03-05,0,21,0,201103
2011-03-06,0,23,0,201103
2011-03-07,0,55,0,201103
2011-03-08,0,61,0,201103
2011-03-09,0,82,0,201103
2011-03-10,0,63,0,201103
2011-03-11,0,48,0,201103
2011-03-12,0,97,0,201103
2011-03-13,0,31,0,201103
2011-03-14,0,46,0,201103
2011-03-15,0,64,0,201103
2011-03-16,0,83,0,201103
2011-03-17,0,51,0,201103
2011-03-18,0,48,0,201103
2011-03-19,0,16,0,201103
2011-03-20,0,20,0,201103
2011-03-21,0,55,0,201103
2011-03-22,0,47,0,201103
2011-03-23,0,65,0,201103
2011-03-24,0,56,0,201103
2011-03-25,0,39,0,201103
2011-03-26,0,19,0,201103
2011-03-27,0,28,0,201103
2011-03-28,0,87,0,201103
2011-03-29,0,61,0,201103
2011-03-30,0,85,0,201103
2011-03-31,0,90,0,201103
2011-04-01,0,65,0,201104
2011-04-02,0,14,0,201104
2011-04-03,0,22,0,201104
2011-04-04,0,48,0,201104
2011-04-05,0,57,0,201104
2011-04-06,0,52,0,201104
2011-04-07,0,47,0,201104
2011-04-08,0,36,0,201104
2011-04-09,0,20,0,201104
2011-04-10,0,23,0,201104
2011-04-11,0,63,0,201104
2011-04-12,0,56,0,201104
2011-04-13,0,56,0,201104
2011-04-14,0,61,0,201104
2011-04-15,0,41,0,201104
2011-04-16,0,27,0,201104
2011-04-17,0,29,0,201104
2011-04-18,0,61,0,201104
2011-04-19,0,63,0,201104
2011-04-20,0,70,0,201104
2011-04-21,0,67,0,201104
2011-04-22,0,36,0,201104
2011-04-23,0,28,0,201104
2011-04-24,0,24,0,201104
2011-04-25,0,68,0,201104
2011-04-26,0,69,0,201104
2011-04-27,0,50,0,201104
2011-04-28,0,42,0,201104
2011-04-29,0,47,0,201104
2011-04-30,0,19,0,201104
2011-04-31,0,0,0,201104
2011-05-01,0,40,0,201105
2011-05-02,0,40,0,201105
2011-05-03,0,74,0,201105
2011-05-04,0,58,0,201105
2011-05-05,0,51,0,201105
2011-05-06,0,54,0,201105
2011-05-07,0,26,0,201105
2011-05-08,0,26,0,201105
2011-05-09,0,54,0,201105
2011-05-10,0,56,0,201105
2011-05-11,0,53,0,201105
2011-05-12,0,56,0,201105
2011-05-13,0,37,0,201105
2011-05-14,0,19,0,201105
2011-05-15,0,18,0,201105
2011-05-16,0,46,0,201105
2011-05-17,0,65,0,201105
2011-05-18,0,50,0,201105
2011-05-19,0,66,0,201105
2011-05-20,0,66,0,201105
2011-05-21,0,28,0,201105
2011-05-22,0,27,0,201105
2011-05-23,0,66,0,201105
2011-05-24,0,68,0,201105
2011-05-25,0,81,0,201105
2011-05-26,0,108,0,201105
2011-05-27,0,87,0,201105
2011-05-28,0,22,0,201105
2011-05-29,0,24,0,201105
2011-05-30,0,43,0,201105
2011-05-31,0,49,0,201105
2011-06-01,0,53,0,201106
2011-06-02,0,76,0,201106
2011-06-03,0,75,0,201106
2011-06-04,0,22,0,201106
2011-06-05,0,30,0,201106
2011-06-06,0,48,0,201106
2011-06-07,0,80,0,201106
2011-06-08,0,73,0,201106
2011-06-09,0,77,0,201106
2011-06-10,0,90,0,201106
2011-06-11,0,15,0,201106
2011-06-12,0,38,0,201106
2011-06-13,0,64,0,201106
2011-06-14,0,62,0,201106
2011-06-15,0,79,0,201106
2011-06-16,0,64,0,201106
2011-06-17,0,56,0,201106
2011-06-18,0,26,0,201106
2011-06-19,0,22,0,201106
2011-06-20,0,57,0,201106
2011-06-21,0,89,0,201106
2011-06-22,0,64,0,201106
2011-06-23,0,86,0,201106
2011-06-24,0,104,0,201106
2011-06-25,0,35,0,201106
2011-06-26,0,22,0,201106
2011-06-27,0,107,0,201106
2011-06-28,0,105,0,201106
2011-06-29,0,77,0,201106
2011-06-30,0,69,0,201106
2011-06-31,0,0,0,201106
2011-07-01,0,44,0,201107
2011-07-02,0,26,0,201107
2011-07-03,0,28,0,201107
2011-07-04,0,47,0,201107
2011-07-05,0,47,0,201107
2011-07-06,0,74,0,201107
2011-07-07,0,70,0,201107
2011-07-08,0,70,0,201107
2011-07-09,0,24,0,201107
2011-07-10,0,25,0,201107
2011-07-11,0,50,0,201107
2011-07-12,0,83,0,201107
2011-07-13,0,61,0,201107
2011-07-14,0,81,0,201107
2011-07-15,0,33,0,201107
2011-07-16,0,16,0,201107
2011-07-17,0,16,0,201107
2011-07-18,0,54,0,201107
2011-07-19,0,85,0,201107
2011-07-20,0,61,0,201107
2011-07-21,0,89,0,201107
2011-07-22,0,60,0,201107
2011-07-23,0,27,0,201107
2011-07-24,0,26,0,201107
2011-07-25,0,50,0,201107
2011-07-26,0,94,0,201107
2011-07-27,0,79,0,201107
2011-07-28,0,56,0,201107
2011-07-29,0,59,0,201107
2011-07-30,0,22,0,201107
2011-07-31,0,29,0,201107
2011-08-01,0,47,0,201108
2011-08-02,0,57,0,201108
2011-08-03,0,84,0,201108
2011-08-04,0,65,0,201108
2011-08-05,0,69,0,201108
2011-08-06,0,75,0,201108
2011-08-07,0,58,0,201108
2011-08-08,0,67,0,201108
2011-08-09,0,114,0,201108
2011-08-10,0,145,0,201108
2011-08-11,0,95,0,201108
2011-08-12,0,43,0,201108
2011-08-13,0,29,0,201108
2011-08-14,0,21,0,201108
2011-08-15,0,43,0,201108
2011-08-16,0,72,0,201108
2011-08-17,0,74,0,201108
2011-08-18,0,60,0,201108
2011-08-19,0,62,0,201108
2011-08-20,0,28,0,201108
2011-08-21,0,39,0,201108
2011-08-22,0,71,0,201108
2011-08-23,0,67,0,201108
2011-08-24,0,64,0,201108
2011-08-25,0,73,0,201108
2011-08-26,0,64,0,201108
2011-08-27,0,24,0,201108
2011-08-28,0,30,0,201108
2011-08-29,0,41,0,201108
2011-08-30,0,64,0,201108
2011-08-31,0,56,0,201108
2011-09-01,0,74,0,201109
2011-09-02,0,0,0,201109
2011-09-03,0,23,0,201109
2011-09-04,0,12,0,201109
2011-09-05,0,41,0,201109
2011-09-06,0,60,0,201109
2011-09-07,0,68,0,201109
2011-09-08,0,51,0,201109
2011-09-09,0,64,0,201109
2011-09-10,0,22,0,201109
2011-09-11,0,17,0,201109
2011-09-12,0,57,0,201109
2011-09-13,0,62,0,201109
2011-09-14,0,53,0,201109
2011-09-15,0,67,0,201109
2011-09-16,0,51,0,201109
2011-09-17,0,21,0,201109
2011-09-18,0,19,0,201109
2011-09-19,0,49,0,201109
2011-09-20,0,73,0,201109
2011-09-21,0,42,0,201109
2011-09-22,0,67,0,201109
2011-09-23,0,53,0,201109
2011-09-24,0,20,0,201109
2011-09-25,0,24,0,201109
2011-09-26,0,54,0,201109
2011-09-27,0,65,0,201109
2011-09-28,0,68,0,201109
2011-09-29,0,71,0,201109
2011-09-30,0,107,0,201109
2011-09-31,0,0,0,201109
2011-10-01,0,30,0,201110
2011-10-02,0,46,0,201110
2011-10-03,0,115,0,201110
2011-10-04,0,77,0,201110
2011-10-05,0,93,0,201110
2011-10-06,0,68,0,201110
2011-10-07,0,56,0,201110
2011-10-08,0,34,0,201110
2011-10-09,0,36,0,201110
2011-10-10,0,78,0,201110
2011-10-11,0,94,0,201110
2011-10-12,0,91,0,201110
2011-10-13,0,88,0,201110
2011-10-14,0,82,0,201110
2011-10-15,0,55,0,201110
2011-10-16,0,39,0,201110
2011-10-17,0,77,0,201110
2011-10-18,0,98,0,201110
2011-10-19,0,72,0,201110
2011-10-20,0,0,0,201110
2011-10-21,0,65,0,201110
2011-10-22,0,26,0,201110
2011-10-23,0,23,0,201110
2011-10-24,0,84,0,201110
2011-10-25,0,64,0,201110
2011-10-26,0,87,0,201110
2011-10-27,0,83,0,201110
2011-10-28,0,73,0,201110
2011-10-29,0,13,0,201110
2011-10-30,0,27,0,201110
2011-10-31,0,75,0,201110
2011-11-01,0,68,0,201111
2011-11-02,0,97,0,201111
2011-11-03,0,85,0,201111
2011-11-04,0,74,0,201111
2011-11-05,0,27,0,201111
2011-11-06,0,31,0,201111
2011-11-07,0,98,0,201111
2011-11-08,0,90,0,201111
2011-11-09,0,97,0,201111
2011-11-10,0,76,0,201111
2011-11-11,0,58,0,201111
2011-11-12,0,33,0,201111
2011-11-13,0,51,0,201111
2011-11-14,0,97,0,201111
2011-11-15,0,88,0,201111
2011-11-16,0,129,0,201111
2011-11-17,0,105,0,201111
2011-11-18,0,90,0,201111
2011-11-19,0,34,0,201111
2011-11-20,0,56,0,201111
2011-11-21,0,122,0,201111
2011-11-22,0,103,0,201111
2011-11-23,0,59,0,201111
2011-11-24,0,69,0,201111
2011-11-25,0,69,0,201111
2011-11-26,0,65,0,201111
2011-11-27,0,47,0,201111
2011-11-28,0,82,0,201111
2011-11-29,0,110,0,201111
2011-11-30,0,84,0,201111
2011-11-31,0,0,0,201111
2011-12-01,0,96,0,201112
2011-12-02,0,98,0,201112
2011-12-03,0,66,0,201112
2011-12-04,0,36,0,201112
2011-12-05,0,162,0,201112
2011-12-06,0,97,0,201112
2011-12-07,0,82,0,201112
2011-12-08,0,90,0,201112
2011-12-09,0,83,0,201112
2011-12-10,0,26,0,201112
2011-12-11,0,41,0,201112
2011-12-12,0,76,0,201112
2011-12-13,0,106,0,201112
2011-12-14,0,84,0,201112
2011-12-15,0,91,0,201112
2011-12-16,0,63,0,201112
2011-12-17,0,20,0,201112
2011-12-18,0,52,0,201112
2011-12-19,0,77,0,201112
2011-12-20,0,68,0,201112
2011-12-21,0,77,0,201112
2011-12-22,0,80,0,201112
2011-12-23,0,2,0,201112
2011-12-24,0,0,0,201112
2011-12-25,0,0,0,201112
2011-12-26,0,15,0,201112
2011-12-27,0,53,0,201112
2011-12-28,0,69,0,201112
2011-12-29,0,67,0,201112
2011-12-30,0,72,0,201112
2011-12-31,0,42,0,201112
2012-01-01,0,35,0,201201
2012-01-02,0,65,0,201201
2012-01-03,0,93,0,201201
2012-01-04,0,95,0,201201
2012-01-05,0,90,0,201201
2012-01-06,0,101,0,201201
2012-01-07,0,44,0,201201
2012-01-08,0,38,0,201201
2012-01-09,0,96,0,201201
2012-01-10,0,92,0,201201
2012-01-11,0,101,0,201201
2012-01-12,0,160,0,201201
2012-01-13,0,90,0,201201
2012-01-14,0,37,0,201201
2012-01-15,0,41,0,201201
2012-01-16,0,53,0,201201
2012-01-17,0,90,0,201201
2012-01-18,0,117,0,201201
2012-01-19,0,112,0,201201
2012-01-20,0,84,0,201201
2012-01-21,0,40,0,201201
2012-01-22,0,43,0,201201
2012-01-23,0,78,0,201201
2012-01-24,0,98,0,201201
2012-01-25,0,104,0,201201
2012-01-26,0,88,0,201201
2012-01-27,0,110,0,201201
2012-01-28,0,29,0,201201
2012-01-29,0,36,0,201201
2012-01-30,0,109,0,201201
2012-01-31,0,117,0,201201
2012-02-01,0,111,0,201202
2012-02-02,0,116,0,201202
2012-02-03,0,111,0,201202
2012-02-04,0,31,0,201202
2012-02-05,0,60,0,201202
2012-02-06,0,130,0,201202
2012-02-07,0,114,0,201202
2012-02-08,0,96,0,201202
2012-02-09,0,110,0,201202
2012-02-10,0,103,0,201202
2012-02-11,0,54,0,201202
2012-02-12,0,56,0,201202
2012-02-13,0,65,0,201202
2012-02-14,0,86,0,201202
2012-02-15,0,115,0,201202
2012-02-16,0,124,0,201202
2012-02-17,0,96,0,201202
2012-02-18,0,24,0,201202
2012-02-19,0,36,0,201202
2012-02-20,0,85,0,201202
2012-02-21,0,91,0,201202
2012-02-22,0,114,0,201202
2012-02-23,0,105,0,201202
2012-02-24,0,87,0,201202
2012-02-25,0,50,0,201202
2012-02-26,0,36,0,201202
2012-02-27,0,102,0,201202
2012-02-28,0,92,0,201202
2012-02-29,0,110,0,201202
2012-02-30,0,0,0,201202
2012-02-31,0,0,0,201202
2012-03-01,0,119,0,201203
2012-03-02,0,156,0,201203
2012-03-03,0,40,0,201203
2012-03-04,0,48,0,201203
2012-03-05,0,102,0,201203
2012-03-06,0,120,0,201203
2012-03-07,0,114,0,201203
2012-03-08,0,89,0,201203
2012-03-09,0,78,0,201203
2012-03-10,0,33,0,201203
2012-03-11,0,47,0,201203
2012-03-12,0,103,0,201203
2012-03-13,0,98,0,201203
2012-03-14,0,98,0,201203
2012-03-15,0,64,0,201203
2012-03-16,0,63,0,201203
2012-03-17,0,35,0,201203
2012-03-18,0,43,0,201203
2012-03-19,0,83,0,201203
2012-03-20,0,124,0,201203
2012-03-21,0,98,0,201203
2012-03-22,0,88,0,201203
2012-03-23,0,68,0,201203
2012-03-24,0,27,0,201203
2012-03-25,0,29,0,201203
2012-03-26,0,112,0,201203
2012-03-27,0,88,0,201203
2012-03-28,0,107,0,201203
2012-03-29,0,96,0,201203
2012-03-30,0,82,0,201203
2012-03-31,0,53,0,201203
2012-04-01,0,33,0,201204
2012-04-02,0,94,0,201204
2012-04-03,0,95,0,201204
2012-04-04,0,79,0,201204
2012-04-05,0,69,0,201204
2012-04-06,0,80,0,201204
2012-04-07,0,26,0,201204
2012-04-08,0,34,0,201204
2012-04-09,0,73,0,201204
2012-04-10,0,99,0,201204
2012-04-11,0,99,0,201204
2012-04-12,0,107,0,201204
2012-04-13,0,77,0,201204
2012-04-14,0,50,0,201204
2012-04-15,0,29,0,201204
2012-04-16,0,97,0,201204
2012-04-17,0,110,0,201204
2012-04-18,0,97,0,201204
2012-04-19,0,79,0,201204
2012-04-20,0,111,0,201204
2012-04-21,0,98,0,201204
2012-04-22,0,94,0,201204
2012-04-23,0,114,0,201204
2012-04-24,0,180,0,201204
2012-04-25,0,105,0,201204
2012-04-26,0,74,0,201204
2012-04-27,0,82,0,201204
2012-04-28,0,33,0,201204
2012-04-29,0,61,0,201204
2012-04-30,0,0,0,201204
2012-04-31,0,0,0,201204
2012-05-01,0,84,0,201205
2012-05-02,0,88,0,201205
2012-05-03,0,92,0,201205
2012-05-04,0,76,0,201205
2012-05-05,0,31,0,201205
2012-05-06,0,31,0,201205
2012-05-07,0,89,0,201205
2012-05-08,0,104,0,201205
2012-05-09,0,108,0,201205
2012-05-10,0,92,0,201205
2012-05-11,0,110,0,201205
2012-05-12,0,44,0,201205
2012-05-13,0,39,0,201205
2012-05-14,0,106,0,201205
2012-05-15,0,111,0,201205
2012-05-16,0,115,0,201205
2012-05-17,0,104,0,201205
2012-05-18,0,76,0,201205
2012-05-19,0,38,0,201205
2012-05-20,0,59,0,201205
2012-05-21,0,102,0,201205
2012-05-22,0,106,0,201205
2012-05-23,0,152,0,201205
2012-05-24,0,109,0,201205
2012-05-25,0,92,0,201205
2012-05-26,0,36,0,201205
2012-05-27,0,41,0,201205
2012-05-28,0,80,0,201205
2012-05-29,0,132,0,201205
2012-05-30,0,144,0,201205
2012-05-31,0,129,0,201205
2012-06-01,0,135,0,201206
2012-06-02,0,51,0,201206
2012-06-03,0,44,0,201206
2012-06-04,0,99,0,201206
2012-06-05,0,116,0,201206
2012-06-06,0,102,0,201206
2012-06-07,0,113,0,201206
2012-06-08,0,117,0,201206
2012-06-09,0,33,0,201206
2012-06-10,0,34,0,201206
2012-06-11,0,107,0,201206
2012-06-12,0,120,0,201206
2012-06-13,0,122,0,201206
2012-06-14,0,120,0,201206
2012-06-15,0,95,0,201206
2012-06-16,0,42,0,201206
2012-06-17,0,36,0,201206
2012-06-18,0,109,0,201206
2012-06-19,0,131,0,201206
2012-06-20,0,147,0,201206
2012-06-21,0,197,0,201206
2012-06-22,0,252,0,201206
2012-06-23,0,67,0,201206
2012-06-24,0,39,0,201206
2012-06-25,0,130,0,201206
2012-06-26,0,127,0,201206
2012-06-27,0,180,0,201206
2012-06-28,0,133,0,201206
2012-06-29,0,90,0,201206
2012-06-30,0,35,0,201206
2012-06-31,0,0,0,201206
2012-07-01,0,23,0,201207
2012-07-02,0,115,0,201207
2012-07-03,0,149,0,201207
2012-07-04,0,108,0,201207
2012-07-05,0,114,0,201207
2012-07-06,0,130,0,201207
2012-07-07,0,42,0,201207
2012-07-08,0,56,0,201207
2012-07-09,0,108,0,201207
2012-07-10,0,146,0,201207
2012-07-11,0,96,0,201207
2012-07-12,0,135,0,201207
2012-07-13,0,95,0,201207
2012-07-14,0,75,0,201207
2012-07-15,0,47,0,201207
2012-07-16,0,98,0,201207
2012-07-17,0,118,0,201207
2012-07-18,0,138,0,201207
2012-07-19,0,111,0,201207
2012-07-20,0,113,0,201207
2012-07-21,0,42,0,201207
2012-07-22,0,37,0,201207
2012-07-23,0,131,0,201207
2012-07-24,0,134,0,201207
2012-07-25,0,123,0,201207
2012-07-26,0,102,0,201207
2012-07-27,0,87,0,201207
2012-07-28,0,35,0,201207
2012-07-29,0,48,0,201207
2012-07-30,0,104,0,201207
2012-07-31,0,121,0,201207
2012-08-01,0,130,0,201208
2012-08-02,0,134,0,201208
2012-08-03,0,117,0,201208
2012-08-04,0,41,0,201208
2012-08-05,0,45,0,201208
2012-08-06,0,88,0,201208
2012-08-07,0,136,0,201208
2012-08-08,0,147,0,201208
2012-08-09,0,113,0,201208
2012-08-10,0,110,0,201208
2012-08-11,0,37,0,201208
2012-08-12,0,61,0,201208
2012-08-13,0,107,0,201208
2012-08-14,0,130,0,201208
2012-08-15,0,119,0,201208
2012-08-16,0,116,0,201208
2012-08-17,0,79,0,201208
2012-08-18,0,39,0,201208
2012-08-19,0,28,0,201208
2012-08-20,0,137,0,201208
2012-08-21,0,154,0,201208
2012-08-22,0,141,0,201208
2012-08-23,0,138,0,201208
2012-08-24,0,118,0,201208
2012-08-25,0,61,0,201208
2012-08-26,0,43,0,201208
2012-08-27,0,150,0,201208
2012-08-28,0,130,0,201208
2012-08-29,0,154,0,201208
2012-08-30,0,123,0,201208
2012-08-31,0,116,0,201208
2012-09-01,0,41,0,201209
2012-09-02,0,62,0,201209
2012-09-03,0,85,0,201209
2012-09-04,0,175,0,201209
2012-09-05,0,133,0,201209
2012-09-06,0,157,0,201209
2012-09-07,0,144,0,201209
2012-09-08,0,57,0,201209
2012-09-09,0,55,0,201209
2012-09-10,0,146,0,201209
2012-09-11,0,152,0,201209
2012-09-12,0,207,0,201209
2012-09-13,0,178,0,201209
2012-09-14,0,110,0,201209
2012-09-15,0,32,0,201209
2012-09-16,0,54,0,201209
2012-09-17,0,130,0,201209
2012-09-18,0,132,0,201209
2012-09-19,0,193,0,201209
2012-09-20,0,142,0,201209
2012-09-21,0,115,0,201209
2012-09-22,0,50,0,201209
2012-09-23,0,47,0,201209
2012-09-24,0,185,0,201209
2012-09-25,0,139,0,201209
2012-09-26,0,139,0,201209
2012-09-27,0,143,0,201209
2012-09-28,0,102,0,201209
2012-09-29,0,51,0,201209
2012-09-30,0,60,0,201209
2012-09-31,0,0,0,201209
2012-10-01,0,154,0,201210
2012-10-02,0,192,0,201210
2012-10-03,0,175,0,201210
2012-10-04,0,131,0,201210
2012-10-05,0,130,0,201210
2012-10-06,0,44,0,201210
2012-10-07,0,71,0,201210
2012-10-08,0,187,0,201210
2012-10-09,0,154,0,201210
2012-10-10,0,154,0,201210
2012-10-11,0,237,0,201210
2012-10-12,0,117,0,201210
2012-10-13,0,55,0,201210
2012-10-14,0,85,0,201210
2012-10-15,0,187,0,201210
2012-10-16,0,305,0,201210
2012-10-17,0,321,0,201210
2012-10-18,0,177,0,201210
2012-10-19,0,156,0,201210
2012-10-20,0,64,0,201210
2012-10-21,0,63,0,201210
2012-10-22,0,138,0,201210
2012-10-23,0,193,0,201210
2012-10-24,0,241,0,201210
2012-10-25,0,267,0,201210
2012-10-26,0,232,0,201210
2012-10-27,0,55,0,201210
2012-10-28,0,58,0,201210
2012-10-29,0,160,0,201210
2012-10-30,0,274,0,201210
2012-10-31,0,286,0,201210
2012-11-01,0,197,0,201211
2012-11-02,0,242,0,201211
2012-11-03,0,51,0,201211
2012-11-04,0,74,0,201211
2012-11-05,0,185,0,201211
2012-11-06,0,212,0,201211
2012-11-07,0,169,0,201211
2012-11-08,0,298,0,201211
2012-11-09,0,137,0,201211
2012-11-10,0,53,0,201211
2012-11-11,0,79,0,201211
2012-11-12,0,165,0,201211
2012-11-13,0,160,0,201211
2012-11-14,0,175,0,201211
2012-11-15,0,176,0,201211
2012-11-16,0,258,0,201211
2012-11-17,0,49,0,201211
2012-11-18,0,61,0,201211
2012-11-19,0,168,0,201211
2012-11-20,0,199,0,201211
2012-11-21,0,167,0,201211
2012-11-22,0,113,0,201211
2012-11-23,0,104,0,201211
2012-11-24,0,110,0,201211
2012-11-25,0,78,0,201211
2012-11-26,0,196,0,201211
2012-11-27,0,206,0,201211
2012-11-28,0,208,0,201211
2012-11-29,0,198,0,201211
2012-11-30,0,155,0,201211
2012-11-31,0,0,0,201211
2012-12-01,0,65,0,201212
2012-12-02,0,101,0,201212
2012-12-03,0,152,0,201212
2012-12-04,0,162,0,201212
2012-12-05,0,217,0,201212
2012-12-06,0,227,0,201212
2012-12-07,0,162,0,201212
2012-12-08,0,68,0,201212
2012-12-09,0,74,0,201212
2012-12-10,0,197,0,201212
2012-12-11,0,188,0,201212
2012-12-12,0,151,0,201212
2012-12-13,0,188,0,201212
2012-12-14,0,147,0,201212
2012-12-15,0,45,0,201212
2012-12-16,0,88,0,201212
2012-12-17,0,147,0,201212
2012-12-18,0,184,0,201212
2012-12-19,0,164,0,201212
2012-12-20,0,149,0,201212
2012-12-21,0,114,0,201212
2012-12-22,0,55,0,201212
2012-12-23,0,67,0,201212
2012-12-24,0,48,0,201212
2012-12-25,0,33,0,201212
2012-12-26,0,79,0,201212
2012-12-27,0,119,0,201212
2012-12-28,0,108,0,201212
2012-12-29,0,69,0,201212
2012-12-30,0,67,0,201212
2012-12-31,0,69,0,201212
2013-01-01,0,52,0,201301
2013-01-02,0,151,0,201301
2013-01-03,0,160,0,201301
2013-01-04,0,141,0,201301
2013-01-05,0,66,0,201301
2013-01-06,0,89,0,201301
2013-01-07,0,189,0,201301
2013-01-08,0,420,0,201301
2013-01-09,0,228,0,201301
2013-01-10,0,226,0,201301
2013-01-11,0,173,0,201301
2013-01-12,0,75,0,201301
2013-01-13,0,120,0,201301
2013-01-14,0,256,0,201301
2013-01-15,0,231,0,201301
2013-01-16,0,283,0,201301
2013-01-17,0,305,0,201301
2013-01-18,0,198,0,201301
2013-01-19,0,81,0,201301
2013-01-20,0,101,0,201301
2013-01-21,0,302,0,201301
2013-01-22,0,286,0,201301
2013-01-23,0,307,0,201301
2013-01-24,0,269,0,201301
2013-01-25,0,242,0,201301
2013-01-26,0,92,0,201301
2013-01-27,0,95,0,201301
2013-01-28,0,243,0,201301
2013-01-29,0,268,0,201301
2013-01-30,0,310,0,201301
2013-01-31,0,274,0,201301
2013-02-01,0,265,0,201302
2013-02-02,0,74,0,201302
2013-02-03,0,118,0,201302
2013-02-04,0,241,0,201302
2013-02-05,0,260,0,201302
2013-02-06,0,285,0,201302
2013-02-07,0,289,0,201302
2013-02-08,0,298,0,201302
2013-02-09,0,100,0,201302
2013-02-10,0,126,0,201302
2013-02-11,0,269,0,201302
2013-02-12,0,359,0,201302
2013-02-13,0,349,0,201302
2013-02-14,0,393,0,201302
2013-02-15,0,302,0,201302
2013-02-16,0,133,0,201302
2013-02-17,0,115,0,201302
2013-02-18,0,265,0,201302
2013-02-19,0,321,0,201302
2013-02-20,0,370,0,201302
2013-02-21,0,292,0,201302
2013-02-22,0,298,0,201302
2013-02-23,0,107,0,201302
2013-02-24,0,117,0,201302
2013-02-25,0,353,0,201302
2013-02-26,0,355,0,201302
2013-02-27,0,266,0,201302
2013-02-28,0,334,0,201302
2013-02-29,0,0,0,201302
2013-02-30,0,0,0,201302
2013-02-31,0,0,0,201302
2013-03-01,0,303,0,201303
2013-03-02,0,128,0,201303
2013-03-03,0,97,0,201303
2013-03-04,0,302,0,201303
2013-03-05,0,377,0,201303
2013-03-06,0,360,0,201303
2013-03-07,0,327,0,201303
2013-03-08,0,290,0,201303
2013-03-09,0,153,0,201303
2013-03-10,0,136,0,201303
2013-03-11,0,306,0,201303
2013-03-12,0,320,0,201303
2013-03-13,0,290,0,201303
2013-03-14,0,304,0,201303
2013-03-15,0,280,0,201303
2013-03-16,0,114,0,201303
2013-03-17,0,109,0,201303
2013-03-18,0,335,0,201303
2013-03-19,0,382,0,201303
2013-03-20,0,460,0,201303
2013-03-21,0,273,0,201303
2013-03-22,0,314,0,201303
2013-03-23,0,117,0,201303
2013-03-24,0,99,0,201303
2013-03-25,0,310,0,201303
2013-03-26,0,380,0,201303
2013-03-27,0,365,0,201303
2013-03-28,0,313,0,201303
2013-03-29,0,247,0,201303
2013-03-30,0,105,0,201303
2013-03-31,0,105,0,201303
2013-04-01,0,275,0,201304
2013-04-02,0,370,0,201304
2013-04-03,0,366,0,201304
2013-04-04,0,388,0,201304
2013-04-05,0,307,0,201304
2013-04-06,0,101,0,201304
2013-04-07,0,161,0,201304
2013-04-08,0,345,0,201304
2013-04-09,0,311,0,201304
2013-04-10,0,318,0,201304
2013-04-11,0,309,0,201304
2013-04-12,0,309,0,201304
2013-04-13,0,134,0,201304
2013-04-14,0,148,0,201304
2013-04-15,0,330,0,201304
2013-04-16,0,364,0,201304
2013-04-17,0,311,0,201304
2013-04-18,0,318,0,201304
2013-04-19,0,267,0,201304
2013-04-20,0,84,0,201304
2013-04-21,0,85,0,201304
2013-04-22,0,335,0,201304
2013-04-23,0,265,0,201304
2013-04-24,0,348,0,201304
2013-04-25,0,311,0,201304
2013-04-26,0,298,0,201304
2013-04-27,0,99,0,201304
2013-04-28,0,97,0,201304
2013-04-29,0,315,0,201304
2013-04-30,0,304,0,201304
2013-04-31,0,0,0,201304
2013-05-01,0,277,0,201305
2013-05-02,0,285,0,201305
2013-05-03,0,283,0,201305
2013-05-04,0,103,0,201305
2013-05-05,0,98,0,201305
2013-05-06,0,288,0,201305
2013-05-07,0,278,0,201305
2013-05-08,0,323,0,201305
2013-05-09,0,269,0,201305
2013-05-10,0,290,0,201305
2013-05-11,0,117,0,201305
2013-05-12,0,101,0,201305
2013-05-13,0,297,0,201305
2013-05-14,0,303,0,201305
2013-05-15,0,298,0,201305
2013-05-16,0,347,0,201305
2013-05-17,0,316,0,201305
2013-05-18,0,99,0,201305
2013-05-19,0,96,0,201305
2013-05-20,0,296,0,201305
2013-05-21,0,382,0,201305
2013-05-22,0,338,0,201305
2013-05-23,0,266,0,201305
2013-05-24,0,329,0,201305
2013-05-25,0,107,0,201305
2013-05-26,0,72,0,201305
2013-05-27,0,240,0,201305
2013-05-28,0,305,0,201305
2013-05-29,0,325,0,201305
2013-05-30,0,328,0,201305
2013-05-31,0,290,0,201305
2013-06-01,0,88,0,201306
2013-06-02,0,104,0,201306
2013-06-03,0,296,0,201306
2013-06-04,0,351,0,201306
2013-06-05,0,357,0,201306
2013-06-06,0,308,0,201306
2013-06-07,0,291,0,201306
2013-06-08,0,109,0,201306
2013-06-09,0,103,0,201306
2013-06-10,0,304,0,201306
2013-06-11,0,354,0,201306
2013-06-12,0,330,0,201306
2013-06-13,0,300,0,201306
2013-06-14,0,289,0,201306
2013-06-15,0,82,0,201306
2013-06-16,0,100,0,201306
2013-06-17,0,327,0,201306
2013-06-18,0,335,0,201306
2013-06-19,0,450,0,201306
2013-06-20,0,294,0,201306
2013-06-21,0,383,0,201306
2013-06-22,0,83,0,201306
2013-06-23,0,99,0,201306
2013-06-24,0,271,0,201306
2013-06-25,0,445,0,201306
2013-06-26,0,297,0,201306
2013-06-27,0,300,0,201306
2013-06-28,0,225,0,201306
2013-06-29,0,228,0,201306
2013-06-30,0,198,0,201306
2013-06-31,0,0,0,201306
2013-07-01,0,365,0,201307
2013-07-02,0,397,0,201307
2013-07-03,0,269,0,201307
2013-07-04,0,254,0,201307
2013-07-05,0,169,0,201307
2013-07-06,0,90,0,201307
2013-07-07,0,111,0,201307
2013-07-08,0,307,0,201307
2013-07-09,0,367,0,201307
2013-07-10,0,311,0,201307
2013-07-11,0,333,0,201307
2013-07-12,0,251,0,201307
2013-07-13,0,94,0,201307
2013-07-14,0,87,0,201307
2013-07-15,0,335,0,201307
2013-07-16,0,321,0,201307
2013-07-17,0,290,0,201307
2013-07-18,0,311,0,201307
2013-07-19,0,263,0,201307
2013-07-20,0,126,0,201307
2013-07-21,0,117,0,201307
2013-07-22,0,305,0,201307
2013-07-23,0,0,0,201307
2013-07-24,0,146,0,201307
2013-07-25,0,231,0,201307
2013-07-26,0,246,0,201307
2013-07-27,0,110,0,201307
2013-07-28,0,96,0,201307
2013-07-29,0,242,0,201307
2013-07-30,0,272,0,201307
2013-07-31,0,260,0,201307
2013-08-01,0,265,0,201308
2013-08-02,0,234,0,201308
2013-08-03,0,87,0,201308
2013-08-04,0,66,0,201308
2013-08-05,0,233,0,201308
2013-08-06,0,288,0,201308
2013-08-07,0,291,0,201308
2013-08-08,0,246,0,201308
2013-08-09,0,233,0,201308
2013-08-10,0,80,0,201308
2013-08-11,0,95,0,201308
2013-08-12,0,322,0,201308
2013-08-13,0,292,0,201308
2013-08-14,0,296,0,201308
2013-08-15,0,309,0,201308
2013-08-16,0,326,0,201308
2013-08-17,0,72,0,201308
2013-08-18,0,93,0,201308
2013-08-19,0,263,0,201308
2013-08-20,0,246,0,201308
2013-08-21,0,250,0,201308
2013-08-22,0,265,0,201308
2013-08-23,0,229,0,201308
2013-08-24,0,116,0,201308
2013-08-25,0,80,0,201308
2013-08-26,0,218,0,201308
2013-08-27,0,248,0,201308
2013-08-28,0,247,0,201308
2013-08-29,0,261,0,201308
2013-08-30,0,227,0,201308
2013-08-31,0,65,0,201308
2013-09-01,0,73,0,201309
2013-09-02,0,242,0,201309
2013-09-03,0,221,0,201309
2013-09-04,0,225,0,201309
2013-09-05,0,261,0,201309
2013-09-06,0,214,0,201309
2013-09-07,0,88,0,201309
2013-09-08,0,92,0,201309
2013-09-09,0,251,0,201309
2013-09-10,0,769,0,201309
2013-09-11,0,297,0,201309
2013-09-12,0,290,0,201309
2013-09-13,0,259,0,201309
2013-09-14,0,87,0,201309
2013-09-15,0,106,0,201309
2013-09-16,0,406,0,201309
2013-09-17,0,235,0,201309
2013-09-18,0,256,0,201309
2013-09-19,0,297,0,201309
2013-09-20,0,233,0,201309
2013-09-21,0,77,0,201309
2013-09-22,0,96,0,201309
2013-09-23,0,244,0,201309
2013-09-24,0,236,0,201309
2013-09-25,0,239,0,201309
2013-09-26,0,255,0,201309
2013-09-27,0,271,0,201309
2013-09-28,0,96,0,201309
2013-09-29,0,88,0,201309
2013-09-30,0,252,0,201309
2013-09-31,0,0,0,201309
2013-10-01,0,262,0,201310
2013-10-02,0,305,0,201310
2013-10-03,0,313,0,201310
2013-10-04,0,272,0,201310
2013-10-05,0,96,0,201310
2013-10-06,0,86,0,201310
2013-10-07,0,256,0,201310
2013-10-08,0,336,0,201310
2013-10-09,0,262,0,201310
2013-10-10,0,285,0,201310
2013-10-11,0,253,0,201310
2013-10-12,0,74,0,201310
2013-10-13,0,91,0,201310
2013-10-14,0,266,0,201310
2013-10-15,0,288,0,201310
2013-10-16,0,306,0,201310
2013-10-17,0,314,0,201310
2013-10-18,0,223,0,201310
2013-10-19,0,121,0,201310
2013-10-20,0,112,0,201310
2013-10-21,0,327,0,201310
2013-10-22,0,299,0,201310
2013-10-23,0,294,0,201310
2013-10-24,0,316,0,201310
2013-10-25,0,293,0,201310
2013-10-26,0,93,0,201310
2013-10-27,0,138,0,201310
2013-10-28,0,276,0,201310
2013-10-29,0,311,0,201310
2013-10-30,0,296,0,201310
2013-10-31,0,263,0,201310
2013-11-01,0,174,0,201311
2013-11-02,0,102,0,201311
2013-11-03,0,107,0,201311
2013-11-04,0,301,0,201311
2013-11-05,0,330,0,201311
2013-11-06,0,294,0,201311
2013-11-07,0,292,0,201311
2013-11-08,0,259,0,201311
2013-11-09,0,107,0,201311
2013-11-10,0,105,0,201311
2013-11-11,0,261,0,201311
2013-11-12,0,309,0,201311
2013-11-13,0,323,0,201311
2013-11-14,0,291,0,201311
2013-11-15,0,287,0,201311
2013-11-16,0,97,0,201311
2013-11-17,0,104,0,201311
2013-11-18,0,320,0,201311
2013-11-19,0,278,0,201311
2013-11-20,0,282,0,201311
2013-11-21,0,286,0,201311
2013-11-22,0,260,0,201311
2013-11-23,0,93,0,201311
2013-11-24,0,102,0,201311
2013-11-25,0,271,0,201311
2013-11-26,0,303,0,201311
2013-11-27,0,247,0,201311
2013-11-28,0,208,0,201311
2013-11-29,0,193,0,201311
2013-11-30,0,112,0,201311
2013-11-31,0,0,0,201311
2013-12-01,0,109,0,201312
2013-12-02,0,289,0,201312
2013-12-03,0,259,0,201312
2013-12-04,0,323,0,201312
2013-12-05,0,339,0,201312
2013-12-06,0,285,0,201312
2013-12-07,0,117,0,201312
2013-12-08,0,111,0,201312
2013-12-09,0,331,0,201312
2013-12-10,0,314,0,201312
2013-12-11,0,265,0,201312
2013-12-12,0,192,0,201312
2013-12-13,0,162,0,201312
2013-12-14,0,76,0,201312
2013-12-15,0,90,0,201312
2013-12-16,0,215,0,201312
2013-12-17,0,254,0,201312
2013-12-18,0,203,0,201312
2013-12-19,0,188,0,201312
2013-12-20,0,140,0,201312
2013-12-21,0,88,0,201312
2013-12-22,0,81,0,201312
2013-12-23,0,126,0,201312
2013-12-24,0,123,0,201312
2013-12-25,0,64,0,201312
2013-12-26,0,95,0,201312
2013-12-27,0,181,0,201312
2013-12-28,0,88,0,201312
2013-12-29,0,92,0,201312
2013-12-30,0,105,0,201312
2013-12-31,0,77,0,201312
2014-01-01,0,33,0,201401
2014-01-02,0,64,0,201401
2014-01-03,0,72,0,201401
2014-01-04,0,29,0,201401
2014-01-05,0,3,0,201401
2014-01-06,0,0,0,201401
2014-01-07,0,66,0,201401
2014-01-08,0,62,0,201401
2014-01-09,0,75,0,201401
2014-01-10,0,62,0,201401
2014-01-11,0,24,0,201401
2014-01-12,0,12,0,201401
2014-01-13,0,47,0,201401
2014-01-14,0,63,0,201401
2014-01-15,0,49,0,201401
2014-01-16,0,51,0,201401
2014-01-17,0,55,0,201401
2014-01-18,0,28,0,201401
2014-01-19,0,27,0,201401
2014-01-20,0,32,0,201401
2014-01-21,0,51,0,201401
2014-01-22,0,39,0,201401
2014-01-23,0,45,0,201401
2014-01-24,0,45,0,201401
2014-01-25,0,28,0,201401
2014-01-26,0,22,0,201401
2014-01-27,0,50,0,201401
2014-01-28,0,54,0,201401
2014-01-29,0,54,0,201401
2014-01-30,0,47,0,201401
2014-01-31,0,35,0,201401
2014-02-01,0,15,0,201402
2014-02-02,0,42,0,201402
2014-02-03,0,53,0,201402
2014-02-04,0,55,0,201402
2014-02-05,0,55,0,201402
2014-02-06,0,46,0,201402
2014-02-07,0,37,0,201402
2014-02-08,0,40,0,201402
2014-02-09,0,23,0,201402
2014-02-10,0,48,0,201402
2014-02-11,0,40,0,201402
2014-02-12,0,47,0,201402
2014-02-13,0,36,0,201402
2014-02-14,0,110,0,201402
2014-02-15,0,111,0,201402
2014-02-16,0,105,0,201402
2014-02-17,0,223,0,201402
2014-02-18,0,260,0,201402
2014-02-19,0,335,0,201402
2014-02-20,0,301,0,201402
2014-02-21,0,245,0,201402
2014-02-22,0,170,0,201402
2014-02-23,0,126,0,201402
2014-02-24,0,310,0,201402
2014-02-25,0,305,0,201402
2014-02-26,0,326,0,201402
2014-02-27,0,297,0,201402
2014-02-28,0,227,0,201402
2014-02-29,0,0,0,201402
2014-02-30,0,0,0,201402
2014-02-31,0,0,0,201402
2014-03-01,0,124,0,201403
2014-03-02,0,97,0,201403
2014-03-03,0,419,0,201403
2014-03-04,0,548,0,201403
2014-03-05,0,355,0,201403
2014-03-06,0,266,0,201403
2014-03-07,0,385,0,201403
2014-03-08,0,186,0,201403
2014-03-09,0,286,0,201403
2014-03-10,0,405,0,201403
2014-03-11,0,318,0,201403
2014-03-12,0,309,0,201403
2014-03-13,0,254,0,201403
2014-03-14,0,218,0,201403
2014-03-15,0,135,0,201403
2014-03-16,0,144,0,201403
2014-03-17,0,339,0,201403
2014-03-18,0,312,0,201403
2014-03-19,0,267,0,201403
2014-03-20,0,271,0,201403
2014-03-21,0,212,0,201403
2014-03-22,0,86,0,201403
2014-03-23,0,106,0,201403
2014-03-24,0,214,0,201403
2014-03-25,0,293,0,201403
2014-03-26,0,274,0,201403
2014-03-27,0,272,0,201403
2014-03-28,0,240,0,201403
2014-03-29,0,129,0,201403
2014-03-30,0,155,0,201403
2014-03-31,0,280,0,201403
2014-04-01,0,301,0,201404
2014-04-02,0,278,0,201404
2014-04-03,0,309,0,201404
2014-04-04,0,326,0,201404
2014-04-05,0,118,0,201404
2014-04-06,0,184,0,201404
2014-04-07,0,287,0,201404
2014-04-08,0,263,0,201404
2014-04-09,0,318,0,201404
2014-04-10,0,305,0,201404
2014-04-11,0,280,0,201404
2014-04-12,0,116,0,201404
2014-04-13,0,125,0,201404
2014-04-14,0,280,0,201404
2014-04-15,0,339,0,201404
2014-04-16,0,325,0,201404
2014-04-17,0,273,0,201404
2014-04-18,0,194,0,201404
2014-04-19,0,102,0,201404
2014-04-20,0,134,0,201404
2014-04-21,0,247,0,201404
2014-04-22,0,297,0,201404
2014-04-23,0,339,0,201404
2014-04-24,0,351,0,201404
2014-04-25,0,286,0,201404
2014-04-26,0,123,0,201404
2014-04-27,0,155,0,201404
2014-04-28,0,302,0,201404
2014-04-29,0,324,0,201404
2014-04-30,0,279,0,201404
2014-04-31,0,0,0,201404
2014-05-01,0,220,0,201405
2014-05-02,0,227,0,201405
2014-05-03,0,197,0,201405
2014-05-04,0,104,0,201405
2014-05-05,0,297,0,201405
2014-05-06,0,307,0,201405
2014-05-07,0,291,0,201405
2014-05-08,0,321,0,201405
2014-05-09,0,214,0,201405
2014-05-10,0,128,0,201405
2014-05-11,0,135,0,201405
2014-05-12,0,326,0,201405
2014-05-13,0,302,0,201405
2014-05-14,0,275,0,201405
2014-05-15,0,277,0,201405
2014-05-16,0,195,0,201405
2014-05-17,0,70,0,201405
2014-05-18,0,102,0,201405
2014-05-19,0,281,0,201405
2014-05-20,0,277,0,201405
2014-05-21,0,287,0,201405
2014-05-22,0,241,0,201405
2014-05-23,0,217,0,201405
2014-05-24,0,115,0,201405
2014-05-25,0,104,0,201405
2014-05-26,0,210,0,201405
2014-05-27,0,282,0,201405
2014-05-28,0,270,0,201405
2014-05-29,0,280,0,201405
2014-05-30,0,231,0,201405
2014-05-31,0,110,0,201405
2014-06-01,0,108,0,201406
2014-06-02,0,245,0,201406
2014-06-03,0,337,0,201406
2014-06-04,0,278,0,201406
2014-06-05,0,257,0,201406
2014-06-06,0,239,0,201406
2014-06-07,0,114,0,201406
2014-06-08,0,98,0,201406
2014-06-09,0,231,0,201406
2014-06-10,0,251,0,201406
2014-06-11,0,227,0,201406
2014-06-12,0,299,0,201406
2014-06-13,0,210,0,201406
2014-06-14,0,173,0,201406
2014-06-15,0,96,0,201406
2014-06-16,0,260,0,201406
2014-06-17,0,288,0,201406
2014-06-18,0,270,0,201406
2014-06-19,0,335,0,201406
2014-06-20,0,272,0,201406
2014-06-21,0,140,0,201406
2014-06-22,0,109,0,201406
2014-06-23,0,288,0,201406
2014-06-24,0,298,0,201406
2014-06-25,0,309,0,201406
2014-06-26,0,310,0,201406
2014-06-27,0,231,0,201406
2014-06-28,0,89,0,201406
2014-06-29,0,104,0,201406
2014-06-30,0,253,0,201406
2014-06-31,0,0,0,201406
2014-07-01,0,247,0,201407
2014-07-02,0,196,0,201407
2014-07-03,0,297,0,201407
2014-07-04,0,143,0,201407
2014-07-05,0,81,0,201407
2014-07-06,0,129,0,201407
2014-07-07,0,293,0,201407
2014-07-08,0,298,0,201407
2014-07-09,0,246,0,201407
2014-07-10,0,264,0,201407
2014-07-11,0,215,0,201407
2014-07-12,0,82,0,201407
2014-07-13,0,75,0,201407
2014-07-14,0,276,0,201407
2014-07-15,0,323,0,201407
2014-07-16,0,270,0,201407
2014-07-17,0,283,0,201407
2014-07-18,0,218,0,201407
2014-07-19,0,106,0,201407
2014-07-20,0,92,0,201407
2014-07-21,0,268,0,201407
2014-07-22,0,337,0,201407
2014-07-23,0,236,0,201407
2014-07-24,0,245,0,201407
2014-07-25,0,209,0,201407
2014-07-26,0,101,0,201407
2014-07-27,0,89,0,201407
2014-07-28,0,223,0,201407
2014-07-29,0,246,0,201407
2014-07-30,0,241,0,201407
2014-07-31,0,270,0,201407
2014-08-01,0,187,0,201408
2014-08-02,0,113,0,201408
2014-08-03,0,91,0,201408
2014-08-04,0,245,0,201408
2014-08-05,0,250,0,201408
2014-08-06,0,222,0,201408
2014-08-07,0,231,0,201408
2014-08-08,0,202,0,201408
2014-08-09,0,96,0,201408
2014-08-10,0,117,0,201408
2014-08-11,0,261,0,201408
2014-08-12,0,251,0,201408
2014-08-13,0,247,0,201408
2014-08-14,0,232,0,201408
2014-08-15,0,187,0,201408
2014-08-16,0,89,0,201408
2014-08-17,0,92,0,201408
2014-08-18,0,220,0,201408
2014-08-19,0,254,0,201408
2014-08-20,0,246,0,201408
2014-08-21,0,230,0,201408
2014-08-22,0,205,0,201408
2014-08-23,0,70,0,201408
2014-08-24,0,93,0,201408
2014-08-25,0,247,0,201408
2014-08-26,0,232,0,201408
2014-08-27,0,193,0,201408
2014-08-28,0,0,0,201408
2014-08-29,0,184,0,201408
2014-08-30,0,92,0,201408
2014-08-31,0,90,0,201408
2014-09-01,0,168,0,201409
2014-09-02,0,271,0,201409
2014-09-03,0,304,0,201409
2014-09-04,0,247,0,201409
2014-09-05,0,183,0,201409
2014-09-06,0,99,0,201409
2014-09-07,0,88,0,201409
2014-09-08,0,245,0,201409
2014-09-09,0,278,0,201409
2014-09-10,0,288,0,201409
2014-09-11,0,315,0,201409
2014-09-12,0,208,0,201409
2014-09-13,0,75,0,201409
2014-09-14,0,105,0,201409
2014-09-15,0,282,0,201409
2014-09-16,0,236,0,201409
2014-09-17,0,280,0,201409
2014-09-18,0,274,0,201409
2014-09-19,0,204,0,201409
2014-09-20,0,107,0,201409
2014-09-21,0,124,0,201409
2014-09-22,0,248,0,201409
2014-09-23,0,264,0,201409
2014-09-24,0,304,0,201409
2014-09-25,0,324,0,201409
2014-09-26,0,255,0,201409
2014-09-27,0,97,0,201409
2014-09-28,0,118,0,201409
2014-09-29,0,277,0,201409
2014-09-30,0,292,0,201409
2014-09-31,0,0,0,201409
2014-10-01,0,285,0,201410
2014-10-02,0,209,0,201410
2014-10-03,0,197,0,201410
2014-10-04,0,86,0,201410
2014-10-05,0,95,0,201410
2014-10-06,0,243,0,201410
2014-10-07,0,406,0,201410
2014-10-08,0,251,0,201410
2014-10-09,0,277,0,201410
2014-10-10,0,216,0,201410
2014-10-11,0,100,0,201410
2014-10-12,0,95,0,201410
2014-10-13,0,300,0,201410
2014-10-14,0,308,0,201410
2014-10-15,0,279,0,201410
2014-10-16,0,254,0,201410
2014-10-17,0,211,0,201410
2014-10-18,0,115,0,201410
2014-10-19,0,121,0,201410
2014-10-20,0,255,0,201410
2014-10-21,0,268,0,201410
2014-10-22,0,257,0,201410
2014-10-23,0,243,0,201410
2014-10-24,0,231,0,201410
2014-10-25,0,89,0,201410
2014-10-26,0,120,0,201410
2014-10-27,0,331,0,201410
2014-10-28,0,303,0,201410
2014-10-29,0,252,0,201410
2014-10-30,0,235,0,201410
2014-10-31,0,204,0,201410
2014-11-01,0,92,0,201411
2014-11-02,0,105,0,201411
2014-11-03,0,259,0,201411
2014-11-04,0,269,0,201411
2014-11-05,0,272,0,201411
2014-11-06,0,236,0,201411
2014-11-07,0,262,0,201411
2014-11-08,0,121,0,201411
2014-11-09,0,131,0,201411
2014-11-10,0,262,0,201411
2014-11-11,0,274,0,201411
2014-11-12,0,318,0,201411
2014-11-13,0,275,0,201411
2014-11-14,0,234,0,201411
2014-11-15,0,127,0,201411
2014-11-16,0,100,0,201411
2014-11-17,0,247,0,201411
2014-11-18,0,265,0,201411
2014-11-19,0,253,0,201411
2014-11-20,0,214,0,201411
2014-11-21,0,250,0,201411
2014-11-22,0,119,0,201411
2014-11-23,0,85,0,201411
2014-11-24,0,241,0,201411
2014-11-25,0,231,0,201411
2014-11-26,0,181,0,201411
2014-11-27,0,207,0,201411
2014-11-28,0,162,0,201411
2014-11-29,0,70,0,201411
2014-11-30,0,87,0,201411
2014-11-31,0,0,0,201411
2014-12-01,0,245,0,201412
2014-12-02,0,281,0,201412
2014-12-03,0,271,0,201412
2014-12-04,0,259,0,201412
2014-12-05,0,199,0,201412
2014-12-06,0,116,0,201412
2014-12-07,0,78,0,201412
2014-12-08,0,236,0,201412
2014-12-09,0,256,0,201412
2014-12-10,0,264,0,201412
2014-12-11,0,231,0,201412
2014-12-12,0,145,0,201412
2014-12-13,0,80,0,201412
2014-12-14,0,104,0,201412
2014-12-15,0,227,0,201412
2014-12-16,0,213,0,201412
2014-12-17,0,217,0,201412
2014-12-18,0,207,0,201412
2014-12-19,0,197,0,201412
2014-12-20,0,76,0,201412
2014-12-21,0,72,0,201412
2014-12-22,0,163,0,201412
2014-12-23,0,163,0,201412
2014-12-24,0,103,0,201412
2014-12-25,0,45,0,201412
2014-12-26,0,72,0,201412
2014-12-27,0,55,0,201412
2014-12-28,0,60,0,201412
2014-12-29,0,150,0,201412
2014-12-30,0,116,0,201412
2014-12-31,0,92,0,201412
2015-01-01,0,51,0,201501
2015-01-02,0,113,0,201501
2015-01-03,0,81,0,201501
2015-01-04,0,107,0,201501
2015-01-05,0,204,0,201501
2015-01-06,0,195,0,201501
2015-01-07,0,258,0,201501
2015-01-08,0,243,0,201501
2015-01-09,0,214,0,201501
2015-01-10,0,136,0,201501
2015-01-11,0,203,0,201501
2015-01-12,0,261,0,201501
2015-01-13,0,250,0,201501
2015-01-14,0,242,0,201501
2015-01-15,0,265,0,201501
2015-01-16,0,214,0,201501
2015-01-17,0,79,0,201501
2015-01-18,0,97,0,201501
2015-01-19,0,235,0,201501
2015-01-20,0,351,0,201501
2015-01-21,0,274,0,201501
2015-01-22,0,294,0,201501
2015-01-23,0,222,0,201501
2015-01-24,0,89,0,201501
2015-01-25,0,132,0,201501
2015-01-26,0,228,0,201501
2015-01-27,0,290,0,201501
2015-01-28,0,333,0,201501
2015-01-29,0,266,0,201501
2015-01-30,0,243,0,201501
2015-01-31,0,75,0,201501
2015-02-01,0,98,0,201502
2015-02-02,0,241,0,201502
2015-02-03,0,250,0,201502
2015-02-04,0,291,0,201502
2015-02-05,0,0,0,201502
2015-02-06,0,258,0,201502
2015-02-07,0,117,0,201502
2015-02-08,0,141,0,201502
2015-02-09,0,248,0,201502
2015-02-10,0,301,0,201502
2015-02-11,0,282,0,201502
2015-02-12,0,280,0,201502
2015-02-13,0,232,0,201502
2015-02-14,0,110,0,201502
2015-02-15,0,96,0,201502
2015-02-16,0,215,0,201502
2015-02-17,0,263,0,201502
2015-02-18,0,263,0,201502
2015-02-19,0,244,0,201502
2015-02-20,0,206,0,201502
2015-02-21,0,155,0,201502
2015-02-22,0,100,0,201502
2015-02-23,0,278,0,201502
2015-02-24,0,253,0,201502
2015-02-25,0,278,0,201502
2015-02-26,0,227,0,201502
2015-02-27,0,232,0,201502
2015-02-28,0,95,0,201502
2015-02-29,0,0,0,201502
2015-02-30,0,0,0,201502
2015-02-31,0,0,0,201502
2015-03-01,0,95,0,201503
2015-03-02,0,248,0,201503
2015-03-03,0,278,0,201503
2015-03-04,0,246,0,201503
2015-03-05,0,254,0,201503
2015-03-06,0,199,0,201503
2015-03-07,0,108,0,201503
2015-03-08,0,108,0,201503
2015-03-09,0,245,0,201503
2015-03-10,0,276,0,201503
2015-03-11,0,250,1,201503
2015-03-12,0,257,0,201503
2015-03-13,0,193,0,201503
2015-03-14,0,104,0,201503
2015-03-15,0,90,0,201503
2015-03-16,0,255,0,201503
2015-03-17,0,303,0,201503
2015-03-18,0,245,0,201503
2015-03-19,0,255,0,201503
2015-03-20,0,221,0,201503
2015-03-21,0,78,0,201503
2015-03-22,0,109,0,201503
2015-03-23,0,277,0,201503
2015-03-24,0,247,0,201503
2015-03-25,0,257,0,201503
2015-03-26,0,265,0,201503
2015-03-27,0,185,0,201503
2015-03-28,0,83,0,201503
2015-03-29,0,101,0,201503
2015-03-30,0,240,0,201503
2015-03-31,0,266,0,201503
2015-04-01,0,249,0,201504
2015-04-02,0,226,56,201504
2015-04-03,0,149,11,201504
2015-04-04,0,99,0,201504
2015-04-05,0,79,0,201504
2015-04-06,0,234,5,201504
2015-04-07,0,262,1,201504
2015-04-08,0,238,15,201504
2015-04-09,0,228,6,201504
2015-04-10,0,222,9,201504
2015-04-11,0,77,2,201504
2015-04-12,0,99,4,201504
2015-04-13,0,231,5,201504
2015-04-14,0,275,3,201504
2015-04-15,0,287,5,201504
2015-04-16,0,307,7,201504
2015-04-17,0,240,10,201504
2015-04-18,0,115,2,201504
2015-04-19,0,124,3,201504
2015-04-20,0,252,2,201504
2015-04-21,0,276,8,201504
2015-04-22,0,236,5,201504
2015-04-23,0,240,2,201504
2015-04-24,0,250,5,201504
2015-04-25,0,126,1,201504
2015-04-26,0,114,9,201504
2015-04-27,0,237,3,201504
2015-04-28,0,231,3,201504
2015-04-29,0,247,6,201504
2015-04-30,0,245,1,201504
2015-04-31,0,0,0,201504
2015-05-01,0,180,8,201505
2015-05-02,0,89,3,201505
2015-05-03,0,99,1,201505
2015-05-04,0,232,9,201505
2015-05-05,0,235,3,201505
2015-05-06,0,308,4,201505
2015-05-07,0,323,1,201505
2015-05-08,0,230,4,201505
2015-05-09,0,71,1,201505
2015-05-10,24,93,6,201505
2015-05-11,10,272,5,201505
2015-05-12,26,283,5,201505
2015-05-13,4,270,6,201505
2015-05-14,5,216,4,201505
2015-05-15,5,210,4,201505
2015-05-16,3,94,1,201505
2015-05-17,3,84,6,201505
2015-05-18,5,219,4,201505
2015-05-19,5,255,5,201505
2015-05-20,6,288,9,201505
2015-05-21,2,287,13,201505
2015-05-22,2,184,6,201505
2015-05-23,2,82,5,201505
2015-05-24,1,73,3,201505
2015-05-25,4,179,2,201505
2015-05-26,4,250,4,201505
2015-05-27,6,274,4,201505
2015-05-28,4,266,5,201505
2015-05-29,3,231,9,201505
2015-05-30,1,69,4,201505
2015-05-31,3,98,3,201505
2015-06-01,2,256,7,201506
2015-06-02,3,298,11,201506
2015-06-03,2,247,3,201506
2015-06-04,0,230,4,201506
2015-06-05,5,204,10,201506
2015-06-06,1,92,8,201506
2015-06-07,0,105,9,201506
2015-06-08,1,230,7,201506
2015-06-09,10,290,6,201506
2015-06-10,3,244,6,201506
2015-06-11,4,258,10,201506
2015-06-12,10,181,1,201506
2015-06-13,4,84,1,201506
2015-06-14,3,105,0,201506
2015-06-15,9,266,3,201506
2015-06-16,12,284,2,201506
2015-06-17,8,236,4,201506
2015-06-18,5,225,2,201506
2015-06-19,5,175,1,201506
2015-06-20,4,103,1,201506
2015-06-21,2,121,3,201506
2015-06-22,4,230,6,201506
2015-06-23,8,221,2,201506
2015-06-24,5,234,6,201506
2015-06-25,4,221,5,201506
2015-06-26,4,163,1,201506
2015-06-27,4,56,1,201506
2015-06-28,0,88,0,201506
2015-06-29,1,211,2,201506
2015-06-30,3,213,1,201506
2015-06-31,0,0,0,201506
2015-07-01,5,214,5,201507
2015-07-02,5,177,1,201507
2015-07-03,1,106,1,201507
2015-07-04,0,68,2,201507
2015-07-05,0,54,2,201507
2015-07-06,5,213,4,201507
2015-07-07,4,214,1,201507
2015-07-08,3,199,0,201507
2015-07-09,1,213,1,201507
2015-07-10,4,236,2,201507
2015-07-11,4,75,2,201507
2015-07-12,2,73,2,201507
2015-07-13,4,191,2,201507
2015-07-14,2,246,0,201507
2015-07-15,0,202,3,201507
2015-07-16,2,204,5,201507
2015-07-17,6,178,2,201507
2015-07-18,4,56,2,201507
2015-07-19,0,75,32,201507
2015-07-20,7,258,4,201507
2015-07-21,4,270,5,201507
2015-07-22,6,251,8,201507
2015-07-23,4,255,2,201507
2015-07-24,7,226,1,201507
2015-07-25,4,152,3,201507
2015-07-26,3,122,6,201507
2015-07-27,4,251,1,201507
2015-07-28,9,218,2,201507
2015-07-29,7,292,2,201507
2015-07-30,3,258,3,201507
2015-07-31,3,195,5,201507
2015-08-01,3,160,3,201508
2015-08-02,2,118,3,201508
2015-08-03,4,179,2,201508
2015-08-04,10,249,5,201508
2015-08-05,3,263,3,201508
2015-08-06,7,278,4,201508
2015-08-07,1,229,1,201508
2015-08-08,3,124,1,201508
2015-08-09,2,112,2,201508
2015-08-10,5,220,0,201508
2015-08-11,2,259,1,201508
2015-08-12,1,219,1,201508
2015-08-13,2,226,2,201508
2015-08-14,3,203,2,201508
2015-08-15,2,104,1,201508
2015-08-16,10,117,5,201508
2015-08-17,8,258,2,201508
2015-08-18,5,301,1,201508
2015-08-19,10,272,7,201508
2015-08-20,50,221,4,201508
2015-08-21,25,208,2,201508
2015-08-22,4,111,3,201508
2015-08-23,3,131,1,201508
2015-08-24,16,229,4,201508
2015-08-25,4,237,1,201508
2015-08-26,6,198,4,201508
2015-08-27,13,171,7,201508
2015-08-28,4,184,0,201508
2015-08-29,4,71,1,201508
2015-08-30,2,77,2,201508
2015-08-31,3,187,1,201508
2015-09-01,10,192,2,201509
2015-09-02,7,184,4,201509
2015-09-03,5,195,2,201509
2015-09-04,4,179,2,201509
2015-09-05,1,59,1,201509
2015-09-06,1,73,11,201509
2015-09-07,0,137,5,201509
2015-09-08,6,220,3,201509
2015-09-09,6,202,3,201509
2015-09-10,6,215,3,201509
2015-09-11,7,154,0,201509
2015-09-12,3,60,3,201509
2015-09-13,4,72,2,201509
2015-09-14,3,235,1,201509
2015-09-15,8,192,5,201509
2015-09-16,9,158,1,201509
2015-09-17,14,181,9,201509
2015-09-18,6,140,3,201509
2015-09-19,3,51,2,201509
2015-09-20,5,94,0,201509
2015-09-21,10,189,3,201509
2015-09-22,7,223,5,201509
2015-09-23,7,190,1,201509
2015-09-24,29,244,0,201509
2015-09-25,5,150,4,201509
2015-09-26,5,60,1,201509
2015-09-27,3,84,5,201509
2015-09-28,9,222,4,201509
2015-09-29,7,232,5,201509
2015-09-30,4,213,2,201509
2015-10-01,5,218,4,201510
2015-10-02,3,142,3,201510
2015-10-03,4,63,1,201510
2015-10-04,2,79,0,201510
2015-10-05,9,308,3,201510
2015-10-06,11,296,6,201510
2015-10-07,11,222,6,201510
2015-10-08,7,228,5,201510
2015-10-09,7,167,2,201510
2015-10-10,3,61,0,201510
2015-10-11,3,93,4,201510
2015-10-13,10,244,6,201510
2015-10-14,6,253,6,201510
2015-10-15,7,235,4,201510
2015-10-16,10,209,2,201510
2015-10-17,2,82,1,201510
2015-10-18,0,101,6,201510
2015-10-19,1,226,3,201510
2015-10-20,8,263,3,201510
2015-10-21,8,244,17,201510
2015-10-22,2,191,8,201510
2015-10-23,5,163,7,201510
2015-10-24,1,78,2,201510
2015-10-25,19,92,4,201510
2015-10-26,19,260,3,201510
2015-10-27,4,271,6,201510
2015-10-28,8,239,9,201510
2015-10-29,3,172,4,201510
2015-10-30,16,165,4,201510
2015-10-31,3,55,4,201510
2015-11-01,7,93,3,201511
2015-11-02,1,185,4,201511
2015-11-03,3,206,4,201511
2015-11-04,6,249,4,201511
2015-11-05,6,248,3,201511
2015-11-06,6,149,6,201511
2015-11-07,4,78,0,201511
2015-11-08,7,86,2,201511
2015-11-09,7,168,4,201511
2015-11-10,3,217,6,201511
2015-11-11,8,200,3,201511
2015-11-12,6,191,7,201511
2015-11-13,5,184,1,201511
2015-11-14,6,82,5,201511
2015-11-15,3,80,8,201511
2015-11-16,3,195,5,201511
2015-11-17,4,268,6,201511
2015-11-18,2,201,8,201511
2015-11-19,5,183,3,201511
2015-11-20,4,176,3,201511
2015-11-21,6,78,2,201511
2015-11-22,2,81,3,201511
2015-11-23,2,197,5,201511
2015-11-24,11,220,9,201511
2015-11-25,2,196,5,201511
2015-11-26,7,171,5,201511
