daily_views,date
3413,2008-01-01
5395,2008-01-02
5940,2008-01-03
5833,2008-01-04
4611,2008-01-05
5066,2008-01-06
6660,2008-01-07
6923,2008-01-08
7150,2008-01-09
7428,2008-01-10
6619,2008-01-11
4754,2008-01-12
5525,2008-01-13
7577,2008-01-14
7517,2008-01-15
7381,2008-01-16
7239,2008-01-17
6553,2008-01-18
4881,2008-01-19
5258,2008-01-20
6614,2008-01-21
7588,2008-01-22
7726,2008-01-23
7522,2008-01-24
6752,2008-01-25
4794,2008-01-26
5247,2008-01-27
7584,2008-01-28
7546,2008-01-29
7201,2008-01-30
6397,2008-02-01
4561,2008-02-02
5123,2008-02-03
7194,2008-02-04
7443,2008-02-05
7515,2008-02-06
7472,2008-02-07
6830,2008-02-08
5144,2008-02-09
5277,2008-02-10
7521,2008-02-11
10181,2008-02-12
7855,2008-02-13
7135,2008-02-14
6322,2008-02-15
4702,2008-02-16
5252,2008-02-17
7837,2008-02-18
9410,2008-02-19
7925,2008-02-20
7990,2008-02-21
6946,2008-02-22
5107,2008-02-23
5923,2008-02-24
8571,2008-02-25
9556,2008-02-26
8776,2008-02-27
0,2008-02-28
7317,2008-02-29
0,2008-02-30
0,2008-02-31
0,2008-03-01
5997,2008-03-02
0,2008-03-03
0,2008-03-04
9260,2008-03-05
11265,2008-03-06
8751,2008-03-07
5889,2008-03-08
6746,2008-03-09
9103,2008-03-10
8884,2008-03-11
8614,2008-03-12
8645,2008-03-13
7433,2008-03-14
5235,2008-03-15
5982,2008-03-16
8704,2008-03-17
8018,2008-03-18
8332,2008-03-19
7491,2008-03-20
5605,2008-03-21
4735,2008-03-22
5110,2008-03-23
7515,2008-03-24
8154,2008-03-25
8135,2008-03-26
8412,2008-03-27
8787,2008-03-28
5636,2008-03-29
5882,2008-03-30
8664,2008-03-31
8967,2008-04-01
8844,2008-04-02
8720,2008-04-03
7334,2008-04-04
5304,2008-04-05
5711,2008-04-06
8570,2008-04-07
8660,2008-04-08
8592,2008-04-09
8964,2008-04-10
7832,2008-04-11
5374,2008-04-12
6238,2008-04-13
9151,2008-04-14
9340,2008-04-15
9185,2008-04-16
9130,2008-04-17
7737,2008-04-18
5601,2008-04-19
6306,2008-04-20
9453,2008-04-21
9046,2008-04-22
8906,2008-04-23
8599,2008-04-24
7380,2008-04-25
5533,2008-04-26
6276,2008-04-27
9248,2008-04-28
9120,2008-04-29
9857,2008-04-30
0,2008-04-31
8503,2008-05-01
7920,2008-05-02
5319,2008-05-03
6362,2008-05-04
8671,2008-05-05
9234,2008-05-06
8884,2008-05-07
8869,2008-05-08
8183,2008-05-09
5392,2008-05-10
6441,2008-05-11
8644,2008-05-12
9134,2008-05-13
8479,2008-05-14
8959,2008-05-15
7658,2008-05-16
5609,2008-05-17
6043,2008-05-18
8669,2008-05-19
13605,2008-05-20
11443,2008-05-21
9050,2008-05-22
7227,2008-05-23
5275,2008-05-24
5615,2008-05-25
7028,2008-05-26
9475,2008-05-27
9061,2008-05-28
8634,2008-05-29
7394,2008-05-30
5375,2008-05-31
0,2008-06-01
0,2008-06-02
9766,2008-06-03
9283,2008-06-04
8248,2008-06-05
8054,2008-06-06
6748,2008-06-07
5380,2008-06-08
5926,2008-06-09
8108,2008-06-10
8511,2008-06-11
7928,2008-06-12
7912,2008-06-13
6829,2008-06-14
5204,2008-06-15
5334,2008-06-16
8326,2008-06-17
7916,2008-06-18
7829,2008-06-19
8099,2008-06-20
6902,2008-06-21
5256,2008-06-22
5413,2008-06-23
7672,2008-06-24
7766,2008-06-25
7521,2008-06-26
7224,2008-06-27
6515,2008-06-28
4986,2008-06-29
5391,2008-06-30
7602,2008-06-31
7459,2008-07-02
6844,2008-07-03
5814,2008-07-04
4843,2008-07-05
5031,2008-07-06
6882,2008-07-07
6996,2008-07-08
6739,2008-07-09
6598,2008-07-10
5818,2008-07-11
5492,2008-07-12
5875,2008-08-01
4950,2008-08-02
5114,2008-08-03
6789,2008-08-04
6786,2008-08-05
6731,2008-08-06
6810,2008-08-07
5776,2008-08-08
4586,2008-08-09
5184,2008-08-10
6191,2008-08-11
6418,2008-08-12
6108,2008-08-13
6047,2008-08-14
4987,2008-08-15
4273,2008-08-16
4566,2008-08-17
6257,2008-08-18
7174,2008-08-19
7087,2008-08-20
6767,2008-08-21
6371,2008-08-22
4667,2008-08-23
5096,2008-08-24
6666,2008-08-25
6727,2008-08-26
7145,2008-08-27
6978,2008-08-28
6109,2008-08-29
4676,2008-08-30
5462,2008-08-31
6162,2008-09-01
6773,2008-09-02
6956,2008-09-03
7275,2008-09-04
7036,2008-09-05
6400,2008-09-06
5724,2008-09-07
7460,2008-09-08
8090,2008-09-09
7220,2008-09-10
7672,2008-09-11
6987,2008-09-12
4857,2008-09-13
6255,2008-09-14
8185,2008-09-15
8366,2008-09-16
8358,2008-09-17
7858,2008-09-18
7244,2008-09-19
4927,2008-09-20
5802,2008-09-21
8336,2008-09-22
8645,2008-09-23
8413,2008-09-24
8298,2008-09-25
7099,2008-09-26
5861,2008-09-27
7348,2008-09-28
8632,2008-09-29
7388,2008-09-30
0,2008-09-31
8943,2008-10-01
8227,2008-10-02
7349,2008-10-03
5463,2008-10-04
6585,2008-10-05
9406,2008-10-06
9467,2008-10-07
8642,2008-10-08
8734,2008-10-09
7658,2008-10-10
5412,2008-10-11
6430,2008-10-12
8417,2008-10-13
9640,2008-10-14
9190,2008-10-15
8436,2008-10-16
7501,2008-10-17
5689,2008-10-18
7944,2008-10-19
9208,2008-10-20
0,2008-10-21
0,2008-10-22
8827,2008-10-23
7486,2008-10-24
5762,2008-10-25
6579,2008-10-26
8766,2008-10-27
8207,2008-10-28
8910,2008-10-29
8417,2008-10-30
7169,2008-10-31
5438,2008-11-01
6752,2008-11-02
9433,2008-11-03
8958,2008-11-04
8221,2008-11-05
8944,2008-11-06
7920,2008-11-07
5664,2008-11-08
6660,2008-11-09
8717,2008-11-10
8641,2008-11-11
9149,2008-11-12
9206,2008-11-13
7909,2008-11-14
5600,2008-11-15
6909,2008-11-16
9485,2008-11-17
9503,2008-11-18
8591,2008-11-19
8892,2008-11-20
7559,2008-11-21
5359,2008-11-22
6740,2008-11-23
8433,2008-11-24
8392,2008-11-25
7794,2008-11-26
6436,2008-11-27
6117,2008-11-28
5579,2008-11-29
6310,2008-11-30
0,2008-11-31
10262,2008-12-01
9189,2008-12-02
9213,2008-12-03
9586,2008-12-04
8335,2008-12-05
5647,2008-12-06
6273,2008-12-07
7961,2008-12-08
8565,2008-12-09
9552,2008-12-10
8039,2008-12-11
7181,2008-12-12
4941,2008-12-13
6030,2008-12-14
7447,2008-12-15
7413,2008-12-16
7504,2008-12-17
7104,2008-12-18
5937,2008-12-19
4169,2008-12-20
4507,2008-12-21
5536,2008-12-22
5165,2008-12-23
4206,2008-12-24
3358,2008-12-25
4372,2008-12-26
4249,2008-12-27
4446,2008-12-28
5248,2008-12-29
5579,2008-12-30
4957,2008-12-31
3844,2009-01-01
5278,2009-01-02
5633,2009-01-03
5342,2009-01-04
7838,2009-01-05
7745,2009-01-06
8390,2009-01-07
8684,2009-01-08
7434,2009-01-09
6668,2009-01-10
6831,2009-01-11
8525,2009-01-12
8783,2009-01-13
8372,2009-01-14
8225,2009-01-15
7782,2009-01-16
5721,2009-01-17
6456,2009-01-18
8258,2009-01-19
8309,2009-01-20
8389,2009-01-21
8978,2009-01-22
7596,2009-01-23
5966,2009-01-24
6317,2009-01-25
8367,2009-01-26
8744,2009-01-27
8891,2009-01-28
8953,2009-01-29
8086,2009-01-30
5865,2009-01-31
6547,2009-02-01
8067,2009-02-02
8362,2009-02-03
9763,2009-02-04
9845,2009-02-05
8498,2009-02-06
6264,2009-02-07
6905,2009-02-08
8745,2009-02-09
8772,2009-02-10
9339,2009-02-11
8154,2009-02-12
7426,2009-02-13
6160,2009-02-14
6965,2009-02-15
8771,2009-02-16
9267,2009-02-17
8866,2009-02-18
9622,2009-02-19
8950,2009-02-20
6309,2009-02-21
7355,2009-02-22
9601,2009-02-23
9534,2009-02-24
9917,2009-02-25
10184,2009-02-26
8150,2009-02-27
6054,2009-02-28
0,2009-02-29
0,2009-02-30
0,2009-02-31
7659,2009-03-01
9576,2009-03-02
9524,2009-03-03
9634,2009-03-04
9156,2009-03-05
8490,2009-03-06
6622,2009-03-07
7525,2009-03-08
9845,2009-03-09
8850,2009-03-10
9461,2009-03-11
9503,2009-03-12
8212,2009-03-13
6271,2009-03-14
7355,2009-03-15
9937,2009-03-16
9453,2009-03-17
9454,2009-03-18
9408,2009-03-19
7913,2009-03-20
5601,2009-03-21
9348,2009-03-22
10992,2009-03-23
10015,2009-03-24
9216,2009-03-25
8833,2009-03-26
7919,2009-03-27
5820,2009-03-28
6720,2009-03-29
8858,2009-03-30
9266,2009-03-31
8582,2009-04-01
8177,2009-04-02
7479,2009-04-03
5565,2009-04-04
6364,2009-04-05
8548,2009-04-06
8519,2009-04-07
8103,2009-04-08
7491,2009-04-09
6126,2009-04-10
5144,2009-04-11
5099,2009-04-12
7332,2009-04-13
7949,2009-04-14
8468,2009-04-15
7982,2009-04-16
6835,2009-04-17
5553,2009-04-18
6150,2009-04-19
8479,2009-04-20
8231,2009-04-21
8287,2009-04-22
7898,2009-04-23
7589,2009-04-24
5573,2009-04-25
7063,2009-04-26
9432,2009-04-27
8560,2009-04-28
8666,2009-04-29
8248,2009-04-30
0,2009-04-31
7829,2009-05-01
5714,2009-05-02
6501,2009-05-03
8514,2009-05-04
9107,2009-05-05
8691,2009-05-06
8427,2009-05-07
7257,2009-05-08
5789,2009-05-09
5997,2009-05-10
8376,2009-05-11
8722,2009-05-12
9251,2009-05-13
9661,2009-05-14
15422,2009-05-15
6861,2009-05-16
6727,2009-05-17
10008,2009-05-18
9624,2009-05-19
9209,2009-05-20
8625,2009-05-21
7355,2009-05-22
5545,2009-05-23
5684,2009-05-24
7101,2009-05-25
8821,2009-05-26
7833,2009-05-27
8047,2009-05-28
6869,2009-05-29
5266,2009-05-30
5588,2009-05-31
8587,2009-06-01
7530,2009-06-02
7441,2009-06-03
7643,2009-06-04
6693,2009-06-05
4793,2009-06-06
5432,2009-06-07
10434,2009-06-08
7652,2009-06-09
7649,2009-06-10
7346,2009-06-11
6390,2009-06-12
4569,2009-06-13
5284,2009-06-14
7184,2009-06-15
7371,2009-06-16
7220,2009-06-17
7005,2009-06-18
5880,2009-06-19
5065,2009-06-20
5442,2009-06-21
7097,2009-06-22
6804,2009-06-23
7213,2009-06-24
9147,2009-06-25
7795,2009-06-26
5718,2009-06-27
5432,2009-06-28
7277,2009-06-29
7338,2009-06-30
0,2009-06-31
7297,2009-07-01
6352,2009-07-02
5793,2009-07-03
4581,2009-07-04
4486,2009-07-05
6898,2009-07-06
6861,2009-07-07
7042,2009-07-08
7121,2009-07-09
6250,2009-07-10
4943,2009-07-11
4967,2009-07-12
7510,2009-07-13
7550,2009-07-14
7036,2009-07-15
7595,2009-07-16
6524,2009-07-17
4882,2009-07-18
5642,2009-07-19
7734,2009-07-20
7898,2009-07-21
7746,2009-07-22
7015,2009-07-23
6308,2009-07-24
4698,2009-07-25
5309,2009-07-26
7153,2009-07-27
6736,2009-07-28
6950,2009-07-29
6509,2009-07-30
5881,2009-07-31
5079,2009-08-01
5452,2009-08-02
7268,2009-08-03
7020,2009-08-04
7238,2009-08-05
6864,2009-08-06
6462,2009-08-07
5189,2009-08-08
5731,2009-08-09
6874,2009-08-10
7176,2009-08-11
7416,2009-08-12
6811,2009-08-13
6353,2009-08-14
4411,2009-08-15
5078,2009-08-16
6636,2009-08-17
6266,2009-08-18
6748,2009-08-19
6519,2009-08-20
6567,2009-08-21
4794,2009-08-22
5167,2009-08-23
6753,2009-08-24
6854,2009-08-25
7709,2009-08-26
8264,2009-08-27
6479,2009-08-28
5335,2009-08-29
5637,2009-08-30
6934,2009-08-31
7206,2009-09-01
7720,2009-09-02
7329,2009-09-03
6400,2009-09-04
5261,2009-09-05
5463,2009-09-06
6512,2009-09-07
7344,2009-09-08
7327,2009-09-09
7577,2009-09-10
6571,2009-09-11
5365,2009-09-12
6393,2009-09-13
7636,2009-09-14
12711,2009-09-15
9303,2009-09-16
8945,2009-09-17
7428,2009-09-18
5637,2009-09-19
5845,2009-09-20
7750,2009-09-21
8120,2009-09-22
0,2009-09-23
8115,2009-09-24
0,2009-09-25
0,2009-09-26
0,2009-09-27
8238,2009-09-28
8709,2009-09-29
7933,2009-09-30
8047,2009-10-01
7473,2009-10-02
5898,2009-10-03
6651,2009-10-04
8521,2009-10-05
8087,2009-10-06
8412,2009-10-07
8379,2009-10-08
7108,2009-10-09
5496,2009-10-10
6206,2009-10-11
7733,2009-10-12
9149,2009-10-13
0,2009-10-14
0,2009-10-15
0,2009-10-16
5157,2009-10-17
5880,2009-10-18
8109,2009-10-19
8524,2009-10-20
8848,2009-10-21
8990,2009-10-22
8399,2009-10-23
6727,2009-10-24
7203,2009-10-25
8820,2009-10-26
8796,2009-10-27
9208,2009-10-28
8502,2009-10-29
7639,2009-10-30
5552,2009-10-31
5632,2009-11-01
7576,2009-11-02
9705,2009-11-03
9670,2009-11-04
9159,2009-11-05
8210,2009-11-06
5799,2009-11-07
6669,2009-11-08
8772,2009-11-09
9040,2009-11-10
8585,2009-11-11
8793,2009-11-12
7522,2009-11-13
5831,2009-11-14
0,2009-11-15
8756,2009-11-16
8401,2009-11-17
7763,2009-11-18
7609,2009-11-19
7387,2009-11-20
5436,2009-11-21
0,2009-11-22
7236,2009-11-23
6671,2009-11-24
6380,2009-11-25
5961,2009-11-26
5619,2009-11-27
5126,2009-11-28
5662,2009-11-29
7625,2009-11-30
0,2009-11-31
8101,2009-12-01
7366,2009-12-02
7628,2009-12-03
7297,2009-12-04
5709,2009-12-05
6010,2009-12-06
8428,2009-12-07
7673,2009-12-08
7837,2009-12-09
7185,2009-12-10
6484,2009-12-11
5437,2009-12-12
5371,2009-12-13
6800,2009-12-14
6889,2009-12-15
6656,2009-12-16
6872,2009-12-17
6675,2009-12-18
5507,2009-12-19
5179,2009-12-20
5969,2009-12-21
5750,2009-12-22
5077,2009-12-23
3803,2009-12-24
3260,2009-12-25
3783,2009-12-26
4473,2009-12-27
5444,2009-12-28
5615,2009-12-29
5717,2009-12-30
4902,2009-12-31
4323,2010-01-01
4950,2010-01-02
4942,2010-01-03
5533,2010-01-04
6285,2010-01-05
7099,2010-01-06
7818,2010-01-07
7339,2010-01-08
5913,2010-01-09
5925,2010-01-10
7971,2010-01-11
7312,2010-01-12
7384,2010-01-13
7779,2010-01-14
7266,2010-01-15
5815,2010-01-16
5962,2010-01-17
7607,2010-01-18
8094,2010-01-19
7487,2010-01-20
7635,2010-01-21
7062,2010-01-22
0,2010-01-23
0,2010-01-24
7714,2010-01-25
8181,2010-01-26
7808,2010-01-27
7941,2010-01-28
6847,2010-01-29
5696,2010-01-30
6333,2010-01-31
7968,2010-02-01
8371,2010-02-02
8427,2010-02-03
9081,2010-02-04
7681,2010-02-05
5881,2010-02-06
6145,2010-02-07
0,2010-02-08
7997,2010-02-09
7662,2010-02-10
7131,2010-02-11
6476,2010-02-12
4927,2010-02-13
5012,2010-02-14
6498,2010-02-15
7142,2010-02-16
7478,2010-02-17
7774,2010-02-18
6588,2010-02-19
5620,2010-02-20
6292,2010-02-21
8356,2010-02-22
8320,2010-02-23
7663,2010-02-24
6857,2010-02-25
6399,2010-02-26
6093,2010-02-27
5915,2010-02-28
0,2010-02-29
0,2010-02-30
0,2010-02-31
7260,2010-03-01
7883,2010-03-02
8109,2010-03-03
8249,2010-03-04
7437,2010-03-05
5496,2010-03-06
6299,2010-03-07
7577,2010-03-08
8211,2010-03-09
8202,2010-03-10
8051,2010-03-11
7618,2010-03-12
6445,2010-03-13
6105,2010-03-14
7634,2010-03-15
7988,2010-03-16
7805,2010-03-17
7853,2010-03-18
7066,2010-03-19
5605,2010-03-20
6296,2010-03-21
7740,2010-03-22
7739,2010-03-23
7844,2010-03-24
8023,2010-03-25
7427,2010-03-26
6302,2010-03-27
5827,2010-03-28
7429,2010-03-29
7514,2010-03-30
7538,2010-03-31
6767,2010-04-01
6031,2010-04-02
5586,2010-04-03
5818,2010-04-04
6811,2010-04-05
6815,2010-04-06
7286,2010-04-07
7539,2010-04-08
7158,2010-04-09
5416,2010-04-10
5896,2010-04-11
7204,2010-04-12
7626,2010-04-13
7323,2010-04-14
7620,2010-04-15
8207,2010-04-16
6413,2010-04-17
5956,2010-04-18
7448,2010-04-19
7967,2010-04-20
7978,2010-04-21
7656,2010-04-22
7299,2010-04-23
5892,2010-04-24
6362,2010-04-25
8222,2010-04-26
8378,2010-04-27
7725,2010-04-28
7850,2010-04-29
7855,2010-04-30
0,2010-04-31
5814,2010-05-01
6327,2010-05-02
7961,2010-05-03
8307,2010-05-04
7877,2010-05-05
8006,2010-05-06
7620,2010-05-07
5708,2010-05-08
5946,2010-05-09
7664,2010-05-10
7597,2010-05-11
7634,2010-05-12
6196,2010-05-13
6134,2010-05-14
5768,2010-05-15
5822,2010-05-16
7116,2010-05-17
6300,2010-05-18
5750,2010-05-19
7099,2010-05-20
6804,2010-05-21
5592,2010-05-22
5647,2010-05-23
6807,2010-05-24
7216,2010-05-25
7167,2010-05-26
6218,2010-05-27
5345,2010-05-28
5566,2010-05-29
5384,2010-05-30
6544,2010-05-31
6557,2010-06-01
7028,2010-06-02
6809,2010-06-03
6756,2010-06-04
5945,2010-06-05
5681,2010-06-06
6762,2010-06-07
6313,2010-06-08
6216,2010-06-09
6124,2010-06-10
3651,2010-06-11
1066,2010-06-12
1114,2010-06-13
1145,2010-06-14
2695,2010-06-15
4281,2010-06-16
5942,2010-06-17
5342,2010-06-18
4910,2010-06-19
4930,2010-06-20
6264,2010-06-21
6111,2010-06-22
5919,2010-06-23
4943,2010-06-24
4690,2010-06-25
0,2010-06-26
1589,2010-06-27
0,2010-06-28
5648,2010-06-29
5700,2010-06-30
0,2010-06-31
5364,2010-07-01
5062,2010-07-02
4140,2010-07-03
3842,2010-07-04
0,2010-07-05
4875,2010-07-06
0,2010-07-07
0,2010-07-08
0,2010-07-09
0,2010-07-10
4250,2010-07-11
4652,2010-07-12
5058,2010-07-13
5095,2010-07-14
5093,2010-07-15
4979,2010-07-16
4192,2010-07-17
4668,2010-07-18
5035,2010-07-19
5014,2010-07-20
5548,2010-07-21
6653,2010-07-22
6978,2010-07-23
6091,2010-07-24
6197,2010-07-25
7997,2010-07-26
7547,2010-07-27
7227,2010-07-28
7713,2010-07-29
6666,2010-07-30
5888,2010-07-31
5995,2010-08-01
7545,2010-08-02
7777,2010-08-03
7945,2010-08-04
8126,2010-08-05
7411,2010-08-06
5801,2010-08-07
6010,2010-08-08
8323,2010-08-09
7831,2010-08-10
7894,2010-08-11
7792,2010-08-12
7201,2010-08-13
5620,2010-08-14
6293,2010-08-15
7663,2010-08-16
8439,2010-08-17
8050,2010-08-18
7884,2010-08-19
6780,2010-08-20
5855,2010-08-21
6111,2010-08-22
7318,2010-08-23
8095,2010-08-24
7784,2010-08-25
7902,2010-08-26
6823,2010-08-27
5746,2010-08-28
6147,2010-08-29
8050,2010-08-30
7947,2010-08-31
9476,2010-09-01
8952,2010-09-02
8083,2010-09-03
6308,2010-09-04
6540,2010-09-05
7752,2010-09-06
8279,2010-09-07
9137,2010-09-08
8518,2010-09-09
8132,2010-09-10
7618,2010-09-11
6949,2010-09-12
9590,2010-09-13
9711,2010-09-14
9482,2010-09-15
9256,2010-09-16
8075,2010-09-17
6475,2010-09-18
7967,2010-09-19
9238,2010-09-20
10327,2010-09-21
9413,2010-09-22
9311,2010-09-23
8554,2010-09-24
6683,2010-09-25
7434,2010-09-26
9835,2010-09-27
10286,2010-09-28
10158,2010-09-29
9875,2010-09-30
0,2010-09-31
8627,2010-10-01
6812,2010-10-02
7319,2010-10-03
9521,2010-10-04
10307,2010-10-05
10063,2010-10-06
9758,2010-10-07
9055,2010-10-08
6730,2010-10-09
7244,2010-10-10
9449,2010-10-11
10449,2010-10-12
10331,2010-10-13
10254,2010-10-14
9668,2010-10-15
7009,2010-10-16
8056,2010-10-17
10598,2010-10-18
10103,2010-10-19
10330,2010-10-20
9588,2010-10-21
9292,2010-10-22
6968,2010-10-23
7561,2010-10-24
9764,2010-10-25
10200,2010-10-26
9446,2010-10-27
10097,2010-10-28
8357,2010-10-29
6320,2010-10-30
7161,2010-10-31
9313,2010-11-01
9957,2010-11-02
9220,2010-11-03
10811,2010-11-04
8821,2010-11-05
6695,2010-11-06
7083,2010-11-07
10737,2010-11-08
9864,2010-11-09
9936,2010-11-10
9612,2010-11-11
8728,2010-11-12
6474,2010-11-13
6597,2010-11-14
8716,2010-11-15
8711,2010-11-16
9226,2010-11-17
9907,2010-11-18
8816,2010-11-19
6878,2010-11-20
7270,2010-11-21
9873,2010-11-22
9829,2010-11-23
9145,2010-11-24
8243,2010-11-25
7008,2010-11-26
6655,2010-11-27
7672,2010-11-28
9942,2010-11-29
10056,2010-11-30
0,2010-11-31
10078,2010-12-01
9636,2010-12-02
8713,2010-12-03
7243,2010-12-04
7845,2010-12-05
9932,2010-12-06
11319,2010-12-07
13148,2010-12-08
10988,2010-12-09
9884,2010-12-10
7388,2010-12-11
7762,2010-12-12
9741,2010-12-13
10028,2010-12-14
9522,2010-12-15
8986,2010-12-16
8048,2010-12-17
6065,2010-12-18
6479,2010-12-19
7865,2010-12-20
7918,2010-12-21
7519,2010-12-22
6766,2010-12-23
5337,2010-12-24
4431,2010-12-25
9085,2010-12-26
8756,2010-12-27
6713,2010-12-28
7494,2010-12-29
6985,2010-12-30
5997,2010-12-31
5404,2011-01-01
6832,2011-01-02
10140,2011-01-03
9055,2011-01-04
9801,2011-01-05
9937,2011-01-06
9080,2011-01-07
7136,2011-01-08
7805,2011-01-09
9798,2011-01-10
10195,2011-01-11
9732,2011-01-12
11413,2011-01-13
19654,2011-01-14
10996,2011-01-15
10204,2011-01-16
10990,2011-01-17
11729,2011-01-18
11800,2011-01-19
11423,2011-01-20
9888,2011-01-21
8181,2011-01-22
8647,2011-01-23
10573,2011-01-24
9682,2011-01-25
9435,2011-01-26
8609,2011-01-27
7931,2011-01-28
6017,2011-01-29
6897,2011-01-30
8910,2011-01-31
8923,2011-02-01
8572,2011-02-02
8835,2011-02-03
8842,2011-02-04
6122,2011-02-05
7039,2011-02-06
8693,2011-02-07
8412,2011-02-08
8439,2011-02-09
8298,2011-02-10
7267,2011-02-11
5601,2011-02-12
6142,2011-02-13
8093,2011-02-14
8073,2011-02-15
8533,2011-02-16
8550,2011-02-17
7458,2011-02-18
5563,2011-02-19
6067,2011-02-20
8384,2011-02-21
8116,2011-02-22
8100,2011-02-23
8011,2011-02-24
7005,2011-02-25
18821,2011-02-26
6599,2011-02-27
8903,2011-02-28
0,2011-02-29
0,2011-02-30
0,2011-02-31
8608,2011-03-01
8921,2011-03-02
8224,2011-03-03
7226,2011-03-04
5613,2011-03-05
6915,2011-03-06
8739,2011-03-07
8386,2011-03-08
8703,2011-03-09
8688,2011-03-10
7055,2011-03-11
5487,2011-03-12
6579,2011-03-13
8098,2011-03-14
8577,2011-03-15
8895,2011-03-16
8236,2011-03-17
6823,2011-03-18
5174,2011-03-19
5517,2011-03-20
8092,2011-03-21
7832,2011-03-22
8227,2011-03-23
7883,2011-03-24
6804,2011-03-25
5352,2011-03-26
5877,2011-03-27
8698,2011-03-28
7846,2011-03-29
7750,2011-03-30
7900,2011-03-31
6372,2011-04-01
4534,2011-04-02
5586,2011-04-03
7766,2011-04-04
7901,2011-04-05
7821,2011-04-06
6976,2011-04-07
6725,2011-04-08
4784,2011-04-09
5739,2011-04-10
7832,2011-04-11
7755,2011-04-12
7297,2011-04-13
7426,2011-04-14
6274,2011-04-15
5080,2011-04-16
5506,2011-04-17
7302,2011-04-18
7519,2011-04-19
7683,2011-04-20
6792,2011-04-21
5866,2011-04-22
5426,2011-04-23
5022,2011-04-24
7458,2011-04-25
7960,2011-04-26
7470,2011-04-27
7624,2011-04-28
6429,2011-04-29
5043,2011-04-30
0,2011-04-31
5709,2011-05-01
7166,2011-05-02
7318,2011-05-03
7785,2011-05-04
8018,2011-05-05
6867,2011-05-06
5568,2011-05-07
6613,2011-05-08
8041,2011-05-09
7693,2011-05-10
8303,2011-05-11
7935,2011-05-12
6894,2011-05-13
5757,2011-05-14
6395,2011-05-15
10320,2011-05-16
7965,2011-05-17
8772,2011-05-18
7867,2011-05-19
6725,2011-05-20
4790,2011-05-21
5756,2011-05-22
7894,2011-05-23
7452,2011-05-24
7559,2011-05-25
7384,2011-05-26
6132,2011-05-27
5001,2011-05-28
5144,2011-05-29
6284,2011-05-30
7665,2011-05-31
7819,2011-06-01
7175,2011-06-02
6163,2011-06-03
5069,2011-06-04
5708,2011-06-05
6947,2011-06-06
7222,2011-06-07
6725,2011-06-08
7248,2011-06-09
6324,2011-06-10
4982,2011-06-11
5300,2011-06-12
6783,2011-06-13
6091,2011-06-14
7045,2011-06-15
6318,2011-06-16
6301,2011-06-17
6246,2011-06-18
5649,2011-06-19
7312,2011-06-20
7445,2011-06-21
7712,2011-06-22
7306,2011-06-23
6690,2011-06-24
5091,2011-06-25
5611,2011-06-26
6333,2011-06-27
6945,2011-06-28
6475,2011-06-29
6205,2011-06-30
0,2011-06-31
5984,2011-07-01
4688,2011-07-02
4598,2011-07-03
5986,2011-07-04
6199,2011-07-05
6608,2011-07-06
11559,2011-07-07
5860,2011-07-08
4815,2011-07-09
4966,2011-07-10
6243,2011-07-11
6600,2011-07-12
6517,2011-07-13
6409,2011-07-14
5606,2011-07-15
4846,2011-07-16
5731,2011-07-17
6891,2011-07-18
6541,2011-07-19
6680,2011-07-20
6361,2011-07-21
5859,2011-07-22
4680,2011-07-23
4964,2011-07-24
6351,2011-07-25
6667,2011-07-26
6631,2011-07-27
6355,2011-07-28
5877,2011-07-29
4771,2011-07-30
4819,2011-07-31
6022,2011-08-01
7535,2011-08-02
6419,2011-08-03
6594,2011-08-04
5957,2011-08-05
4760,2011-08-06
4960,2011-08-07
6080,2011-08-08
5950,2011-08-09
5904,2011-08-10
6293,2011-08-11
5234,2011-08-12
4426,2011-08-13
4795,2011-08-14
5598,2011-08-15
6455,2011-08-16
5753,2011-08-17
5061,2011-08-18
5642,2011-08-19
4577,2011-08-20
4526,2011-08-21
6205,2011-08-22
6294,2011-08-23
5594,2011-08-24
5753,2011-08-25
5510,2011-08-26
4778,2011-08-27
4559,2011-08-28
5199,2011-08-29
5374,2011-08-30
5704,2011-08-31
5473,2011-09-01
0,2011-09-02
4566,2011-09-03
4590,2011-09-04
5260,2011-09-05
5880,2011-09-06
5523,2011-09-07
5766,2011-09-08
5691,2011-09-09
6209,2011-09-10
4865,2011-09-11
6769,2011-09-12
6286,2011-09-13
6086,2011-09-14
6370,2011-09-15
5914,2011-09-16
5351,2011-09-17
5074,2011-09-18
6190,2011-09-19
6452,2011-09-20
6022,2011-09-21
6271,2011-09-22
5651,2011-09-23
5275,2011-09-24
5292,2011-09-25
6538,2011-09-26
6770,2011-09-27
6329,2011-09-28
6750,2011-09-29
6494,2011-09-30
0,2011-09-31
6274,2011-10-01
5940,2011-10-02
7941,2011-10-03
7666,2011-10-04
7623,2011-10-05
14458,2011-10-06
10395,2011-10-07
7371,2011-10-08
7819,2011-10-09
8290,2011-10-10
8998,2011-10-11
8217,2011-10-12
8465,2011-10-13
7773,2011-10-14
5607,2011-10-15
6115,2011-10-16
8052,2011-10-17
8468,2011-10-18
8179,2011-10-19
7894,2011-10-20
7624,2011-10-21
5008,2011-10-22
5566,2011-10-23
7420,2011-10-24
7981,2011-10-25
8388,2011-10-26
8391,2011-10-27
6990,2011-10-28
5684,2011-10-29
6180,2011-10-30
8163,2011-10-31
8591,2011-11-01
9256,2011-11-02
8601,2011-11-03
7493,2011-11-04
5666,2011-11-05
6568,2011-11-06
8776,2011-11-07
9063,2011-11-08
8751,2011-11-09
8449,2011-11-10
6672,2011-11-11
5646,2011-11-12
6539,2011-11-13
8674,2011-11-14
8764,2011-11-15
8285,2011-11-16
8706,2011-11-17
7313,2011-11-18
5818,2011-11-19
6321,2011-11-20
8159,2011-11-21
8838,2011-11-22
7806,2011-11-23
6713,2011-11-24
6112,2011-11-25
6295,2011-11-26
6759,2011-11-27
10138,2011-11-28
9035,2011-11-29
8585,2011-11-30
0,2011-11-31
9330,2011-12-01
7847,2011-12-02
6630,2011-12-03
24441,2011-12-04
14480,2011-12-05
8633,2011-12-06
9366,2011-12-07
8466,2011-12-08
8354,2011-12-09
5747,2011-12-10
6345,2011-12-11
7806,2011-12-12
8687,2011-12-13
7960,2011-12-14
7696,2011-12-15
6649,2011-12-16
4984,2011-12-17
5697,2011-12-18
6336,2011-12-19
6711,2011-12-20
6018,2011-12-21
5561,2011-12-22
251,2011-12-23
0,2011-12-24
0,2011-12-25
1651,2011-12-26
5400,2011-12-27
6256,2011-12-28
5744,2011-12-29
5520,2011-12-30
4638,2011-12-31
4651,2012-01-01
6571,2012-01-02
7003,2012-01-03
7657,2012-01-04
8062,2012-01-05
7333,2012-01-06
6247,2012-01-07
6847,2012-01-08
8433,2012-01-09
8627,2012-01-10
8877,2012-01-11
9226,2012-01-12
8408,2012-01-13
6383,2012-01-14
6969,2012-01-15
7770,2012-01-16
8702,2012-01-17
9776,2012-01-18
8969,2012-01-19
7991,2012-01-20
6418,2012-01-21
6744,2012-01-22
8314,2012-01-23
8784,2012-01-24
8877,2012-01-25
8582,2012-01-26
7574,2012-01-27
5867,2012-01-28
7128,2012-01-29
9470,2012-01-30
9863,2012-01-31
8060,2012-02-01
8853,2012-02-02
7719,2012-02-03
6523,2012-02-04
8135,2012-02-05
10415,2012-02-06
9380,2012-02-07
8791,2012-02-08
8575,2012-02-09
7704,2012-02-10
6263,2012-02-11
6663,2012-02-12
8280,2012-02-13
8760,2012-02-14
8693,2012-02-15
8732,2012-02-16
8219,2012-02-17
5658,2012-02-18
6551,2012-02-19
7668,2012-02-20
8087,2012-02-21
8447,2012-02-22
8508,2012-02-23
7575,2012-02-24
6050,2012-02-25
6453,2012-02-26
8597,2012-02-27
8706,2012-02-28
8476,2012-02-29
0,2012-02-30
0,2012-02-31
8281,2012-03-01
7273,2012-03-02
5777,2012-03-03
6809,2012-03-04
8307,2012-03-05
8148,2012-03-06
8481,2012-03-07
8424,2012-03-08
7958,2012-03-09
29581,2012-03-10
6488,2012-03-11
7710,2012-03-12
8596,2012-03-13
8173,2012-03-14
7977,2012-03-15
6788,2012-03-16
5534,2012-03-17
5524,2012-03-18
7637,2012-03-19
7576,2012-03-20
7631,2012-03-21
6619,2012-03-22
5903,2012-03-23
4270,2012-03-24
5465,2012-03-25
7343,2012-03-26
7204,2012-03-27
7253,2012-03-28
7401,2012-03-29
6670,2012-03-30
5073,2012-03-31
5458,2012-04-01
6682,2012-04-02
7075,2012-04-03
6183,2012-04-04
6130,2012-04-05
5293,2012-04-06
4424,2012-04-07
4863,2012-04-08
6511,2012-04-09
7175,2012-04-10
6938,2012-04-11
6904,2012-04-12
5930,2012-04-13
5226,2012-04-14
5709,2012-04-15
6924,2012-04-16
7235,2012-04-17
7985,2012-04-18
7326,2012-04-19
6741,2012-04-20
5072,2012-04-21
5817,2012-04-22
7874,2012-04-23
8379,2012-04-24
7580,2012-04-25
7636,2012-04-26
7195,2012-04-27
5221,2012-04-28
6062,2012-04-29
0,2012-04-30
0,2012-04-31
7917,2012-05-01
7697,2012-05-02
8959,2012-05-03
7471,2012-05-04
6298,2012-05-05
5992,2012-05-06
8270,2012-05-07
7984,2012-05-08
8721,2012-05-09
7553,2012-05-10
6568,2012-05-11
5016,2012-05-12
5566,2012-05-13
7447,2012-05-14
8014,2012-05-15
7363,2012-05-16
8421,2012-05-17
6459,2012-05-18
4896,2012-05-19
5967,2012-05-20
8349,2012-05-21
7478,2012-05-22
7728,2012-05-23
7733,2012-05-24
5960,2012-05-25
5020,2012-05-26
5849,2012-05-27
6358,2012-05-28
7244,2012-05-29
7083,2012-05-30
7074,2012-05-31
6273,2012-06-01
5301,2012-06-02
5857,2012-06-03
6798,2012-06-04
7603,2012-06-05
6679,2012-06-06
6362,2012-06-07
5903,2012-06-08
4951,2012-06-09
5058,2012-06-10
6602,2012-06-11
6723,2012-06-12
6462,2012-06-13
6696,2012-06-14
5808,2012-06-15
5249,2012-06-16
5378,2012-06-17
6681,2012-06-18
6743,2012-06-19
6598,2012-06-20
6575,2012-06-21
5688,2012-06-22
5000,2012-06-23
5809,2012-06-24
7853,2012-06-25
6461,2012-06-26
6822,2012-06-27
6584,2012-06-28
5849,2012-06-29
4914,2012-06-30
0,2012-06-31
5241,2012-07-01
5812,2012-07-02
5994,2012-07-03
6549,2012-07-04
6003,2012-07-05
5365,2012-07-06
4872,2012-07-07
4949,2012-07-08
6213,2012-07-09
6166,2012-07-10
6122,2012-07-11
5981,2012-07-12
5299,2012-07-13
5029,2012-07-14
4917,2012-07-15
6098,2012-07-16
6132,2012-07-17
6147,2012-07-18
5949,2012-07-19
5616,2012-07-20
4480,2012-07-21
4517,2012-07-22
5743,2012-07-23
6338,2012-07-24
6049,2012-07-25
5928,2012-07-26
5194,2012-07-27
4425,2012-07-28
4962,2012-07-29
5782,2012-07-30
5459,2012-07-31
5258,2012-08-01
5469,2012-08-02
4943,2012-08-03
4011,2012-08-04
4718,2012-08-05
4941,2012-08-06
5425,2012-08-07
5353,2012-08-08
5598,2012-08-09
5487,2012-08-10
4364,2012-08-11
4492,2012-08-12
5281,2012-08-13
5907,2012-08-14
5484,2012-08-15
4965,2012-08-16
5001,2012-08-17
4067,2012-08-18
4237,2012-08-19
5696,2012-08-20
6301,2012-08-21
7007,2012-08-22
5966,2012-08-23
5368,2012-08-24
4373,2012-08-25
5064,2012-08-26
5528,2012-08-27
5800,2012-08-28
5815,2012-08-29
5772,2012-08-30
5474,2012-08-31
4515,2012-09-01
4517,2012-09-02
5493,2012-09-03
5987,2012-09-04
5897,2012-09-05
6001,2012-09-06
5942,2012-09-07
6010,2012-09-08
5425,2012-09-09
6533,2012-09-10
7034,2012-09-11
6618,2012-09-12
6759,2012-09-13
5644,2012-09-14
4655,2012-09-15
5262,2012-09-16
6550,2012-09-17
7150,2012-09-18
6419,2012-09-19
6700,2012-09-20
6149,2012-09-21
4672,2012-09-22
5827,2012-09-23
7352,2012-09-24
7421,2012-09-25
6693,2012-09-26
6730,2012-09-27
5866,2012-09-28
4776,2012-09-29
5988,2012-09-30
0,2012-09-31
6842,2012-10-01
7272,2012-10-02
7474,2012-10-03
7183,2012-10-04
6493,2012-10-05
5054,2012-10-06
5562,2012-10-07
7046,2012-10-08
7713,2012-10-09
7468,2012-10-10
7518,2012-10-11
6536,2012-10-12
5434,2012-10-13
6104,2012-10-14
7675,2012-10-15
7312,2012-10-16
7439,2012-10-17
7790,2012-10-18
7674,2012-10-19
6717,2012-10-20
6479,2012-10-21
7270,2012-10-22
8162,2012-10-23
7689,2012-10-24
8101,2012-10-25
6507,2012-10-26
5297,2012-10-27
5729,2012-10-28
8510,2012-10-29
7493,2012-10-30
8052,2012-10-31
7379,2012-11-01
6261,2012-11-02
5364,2012-11-03
6085,2012-11-04
8006,2012-11-05
7982,2012-11-06
7855,2012-11-07
7748,2012-11-08
6935,2012-11-09
5323,2012-11-10
5549,2012-11-11
7561,2012-11-12
7311,2012-11-13
8677,2012-11-14
7601,2012-11-15
6544,2012-11-16
5102,2012-11-17
6959,2012-11-18
7132,2012-11-19
7298,2012-11-20
6715,2012-11-21
6933,2012-11-22
6359,2012-11-23
5318,2012-11-24
5741,2012-11-25
7921,2012-11-26
8378,2012-11-27
8619,2012-11-28
8350,2012-11-29
7299,2012-11-30
0,2012-11-31
5915,2012-12-01
6201,2012-12-02
7712,2012-12-03
8339,2012-12-04
8555,2012-12-05
7863,2012-12-06
6870,2012-12-07
5118,2012-12-08
5930,2012-12-09
8004,2012-12-10
7640,2012-12-11
7753,2012-12-12
7257,2012-12-13
6203,2012-12-14
4922,2012-12-15
5186,2012-12-16
6593,2012-12-17
6378,2012-12-18
6540,2012-12-19
6390,2012-12-20
5550,2012-12-21
4014,2012-12-22
3985,2012-12-23
4070,2012-12-24
3790,2012-12-25
4701,2012-12-26
4928,2012-12-27
5401,2012-12-28
4588,2012-12-29
4591,2012-12-30
4561,2012-12-31
4293,2013-01-01
6020,2013-01-02
5886,2013-01-03
6297,2013-01-04
4966,2013-01-05
5645,2013-01-06
7496,2013-01-07
7119,2013-01-08
7511,2013-01-09
7271,2013-01-10
6847,2013-01-11
5412,2013-01-12
5647,2013-01-13
7562,2013-01-14
7778,2013-01-15
7113,2013-01-16
7355,2013-01-17
6733,2013-01-18
5263,2013-01-19
5660,2013-01-20
7124,2013-01-21
7697,2013-01-22
7268,2013-01-23
7407,2013-01-24
6719,2013-01-25
5423,2013-01-26
6117,2013-01-27
7110,2013-01-28
7427,2013-01-29
7375,2013-01-30
7034,2013-01-31
7204,2013-02-01
5298,2013-02-02
6118,2013-02-03
9059,2013-02-04
7896,2013-02-05
7478,2013-02-06
7778,2013-02-07
6830,2013-02-08
5269,2013-02-09
5767,2013-02-10
7769,2013-02-11
7526,2013-02-12
7054,2013-02-13
7054,2013-02-14
6189,2013-02-15
5353,2013-02-16
5715,2013-02-17
6698,2013-02-18
7283,2013-02-19
8000,2013-02-20
7512,2013-02-21
6788,2013-02-22
5526,2013-02-23
6066,2013-02-24
7429,2013-02-25
8145,2013-02-26
7516,2013-02-27
7737,2013-02-28
0,2013-02-29
0,2013-02-30
0,2013-02-31
7232,2013-03-01
5707,2013-03-02
6027,2013-03-03
7902,2013-03-04
7610,2013-03-05
8552,2013-03-06
7965,2013-03-07
6951,2013-03-08
5413,2013-03-09
6000,2013-03-10
7494,2013-03-11
8218,2013-03-12
7169,2013-03-13
7184,2013-03-14
6500,2013-03-15
5837,2013-03-16
5644,2013-03-17
7563,2013-03-18
7452,2013-03-19
7428,2013-03-20
7624,2013-03-21
6575,2013-03-22
6362,2013-03-23
6869,2013-03-24
8315,2013-03-25
7870,2013-03-26
7373,2013-03-27
5627,2013-03-28
3637,2013-03-29
2350,2013-03-30
2067,2013-03-31
2762,2013-04-01
2634,2013-04-02
3209,2013-04-03
3002,2013-04-04
2668,2013-04-05
2331,2013-04-06
2820,2013-04-07
3496,2013-04-08
3068,2013-04-09
2725,2013-04-10
3075,2013-04-11
2487,2013-04-12
2033,2013-04-13
2178,2013-04-14
2896,2013-04-15
2949,2013-04-16
3023,2013-04-17
2967,2013-04-18
2658,2013-04-19
2341,2013-04-20
2483,2013-04-21
2853,2013-04-22
2969,2013-04-23
3731,2013-04-24
3261,2013-04-25
2962,2013-04-26
2199,2013-04-27
2547,2013-04-28
3205,2013-04-29
3255,2013-04-30
0,2013-04-31
2932,2013-05-01
2989,2013-05-02
2709,2013-05-03
2110,2013-05-04
2354,2013-05-05
2610,2013-05-06
2771,2013-05-07
2700,2013-05-08
2447,2013-05-09
2395,2013-05-10
1858,2013-05-11
2119,2013-05-12
2891,2013-05-13
4112,2013-05-14
8568,2013-05-15
8308,2013-05-16
6628,2013-05-17
5300,2013-05-18
6156,2013-05-19
7611,2013-05-20
8523,2013-05-21
7870,2013-05-22
8011,2013-05-23
6549,2013-05-24
5079,2013-05-25
5744,2013-05-26
7618,2013-05-27
7575,2013-05-28
7548,2013-05-29
7785,2013-05-30
6618,2013-05-31
4857,2013-06-01
5816,2013-06-02
7825,2013-06-03
7061,2013-06-04
7341,2013-06-05
7136,2013-06-06
6428,2013-06-07
5009,2013-06-08
5714,2013-06-09
7345,2013-06-10
7277,2013-06-11
7559,2013-06-12
6893,2013-06-13
6120,2013-06-14
5058,2013-06-15
5425,2013-06-16
7020,2013-06-17
7050,2013-06-18
7195,2013-06-19
6900,2013-06-20
6236,2013-06-21
5221,2013-06-22
5205,2013-06-23
6758,2013-06-24
7012,2013-06-25
7678,2013-06-26
7661,2013-06-27
6055,2013-06-28
4758,2013-06-29
4917,2013-06-30
0,2013-06-31
6405,2013-07-01
7160,2013-07-02
6375,2013-07-03
5686,2013-07-04
5092,2013-07-05
4497,2013-07-06
5145,2013-07-07
6434,2013-07-08
6631,2013-07-09
6101,2013-07-10
5878,2013-07-11
5706,2013-07-12
5105,2013-07-13
4914,2013-07-14
6295,2013-07-15
6993,2013-07-16
7103,2013-07-17
6700,2013-07-18
5920,2013-07-19
4822,2013-07-20
6518,2013-07-21
6262,2013-07-22
0,2013-07-23
2260,2013-07-24
5934,2013-07-25
5024,2013-07-26
4547,2013-07-27
5009,2013-07-28
5997,2013-07-29
6339,2013-07-30
6017,2013-07-31
5619,2013-08-01
5018,2013-08-02
4335,2013-08-03
4562,2013-08-04
5313,2013-08-05
5659,2013-08-06
5614,2013-08-07
4996,2013-08-08
4993,2013-08-09
4311,2013-08-10
4865,2013-08-11
5369,2013-08-12
5703,2013-08-13
5935,2013-08-14
5803,2013-08-15
5467,2013-08-16
4569,2013-08-17
4593,2013-08-18
5277,2013-08-19
4896,2013-08-20
4840,2013-08-21
4982,2013-08-22
4672,2013-08-23
3793,2013-08-24
3898,2013-08-25
4875,2013-08-26
5155,2013-08-27
5223,2013-08-28
5158,2013-08-29
4526,2013-08-30
3626,2013-08-31
3962,2013-09-01
4982,2013-09-02
5190,2013-09-03
5242,2013-09-04
5093,2013-09-05
4565,2013-09-06
3888,2013-09-07
4314,2013-09-08
5115,2013-09-09
5350,2013-09-10
5627,2013-09-11
5502,2013-09-12
5097,2013-09-13
4373,2013-09-14
4418,2013-09-15
5614,2013-09-16
5417,2013-09-17
5338,2013-09-18
5358,2013-09-19
5278,2013-09-20
4022,2013-09-21
4588,2013-09-22
5507,2013-09-23
5866,2013-09-24
5982,2013-09-25
5610,2013-09-26
5176,2013-09-27
4399,2013-09-28
4842,2013-09-29
5940,2013-09-30
0,2013-09-31
6054,2013-10-01
6398,2013-10-02
5832,2013-10-03
5166,2013-10-04
4302,2013-10-05
4408,2013-10-06
5443,2013-10-07
5480,2013-10-08
5631,2013-10-09
5481,2013-10-10
5328,2013-10-11
4126,2013-10-12
4442,2013-10-13
5330,2013-10-14
5784,2013-10-15
5629,2013-10-16
6060,2013-10-17
5248,2013-10-18
6083,2013-10-19
5101,2013-10-20
5441,2013-10-21
5418,2013-10-22
5738,2013-10-23
5775,2013-10-24
5730,2013-10-25
4294,2013-10-26
4424,2013-10-27
5481,2013-10-28
5942,2013-10-29
5591,2013-10-30
5678,2013-10-31
4689,2013-11-01
3685,2013-11-02
3932,2013-11-03
5310,2013-11-04
5447,2013-11-05
5796,2013-11-06
5733,2013-11-07
4703,2013-11-08
4410,2013-11-09
4593,2013-11-10
5707,2013-11-11
5659,2013-11-12
5751,2013-11-13
5539,2013-11-14
5324,2013-11-15
4653,2013-11-16
4889,2013-11-17
6170,2013-11-18
6148,2013-11-19
5817,2013-11-20
5587,2013-11-21
5247,2013-11-22
4310,2013-11-23
4792,2013-11-24
5997,2013-11-25
5581,2013-11-26
5517,2013-11-27
5119,2013-11-28
4379,2013-11-29
4120,2013-11-30
0,2013-11-31
4404,2013-12-01
5540,2013-12-02
5609,2013-12-03
5878,2013-12-04
5602,2013-12-05
5224,2013-12-06
4246,2013-12-07
4452,2013-12-08
5703,2013-12-09
5898,2013-12-10
5625,2013-12-11
5118,2013-12-12
4703,2013-12-13
3349,2013-12-14
3866,2013-12-15
4805,2013-12-16
4807,2013-12-17
5138,2013-12-18
4312,2013-12-19
3929,2013-12-20
3377,2013-12-21
3306,2013-12-22
3445,2013-12-23
3323,2013-12-24
2749,2013-12-25
3746,2013-12-26
3449,2013-12-27
3466,2013-12-28
3281,2013-12-29
3893,2013-12-30
3439,2013-12-31
3353,2014-01-01
3957,2014-01-02
4351,2014-01-03
3589,2014-01-04
681,2014-01-05
0,2014-01-06
5496,2014-01-07
5305,2014-01-08
5432,2014-01-09
5155,2014-01-10
3784,2014-01-11
4350,2014-01-12
4999,2014-01-13
5339,2014-01-14
5580,2014-01-15
5609,2014-01-16
5085,2014-01-17
4017,2014-01-18
4061,2014-01-19
5587,2014-01-20
5945,2014-01-21
5417,2014-01-22
5806,2014-01-23
5459,2014-01-24
3926,2014-01-25
4505,2014-01-26
5478,2014-01-27
5455,2014-01-28
5377,2014-01-29
5791,2014-01-30
4947,2014-01-31
3902,2014-02-01
4485,2014-02-02
6093,2014-02-03
7681,2014-02-04
6859,2014-02-05
6103,2014-02-06
5074,2014-02-07
5437,2014-02-08
4324,2014-02-09
6348,2014-02-10
5714,2014-02-11
5428,2014-02-12
5105,2014-02-13
4509,2014-02-14
3925,2014-02-15
3922,2014-02-16
5083,2014-02-17
5299,2014-02-18
5188,2014-02-19
5343,2014-02-20
4657,2014-02-21
3750,2014-02-22
4123,2014-02-23
5429,2014-02-24
5324,2014-02-25
5440,2014-02-26
5301,2014-02-27
4696,2014-02-28
0,2014-02-29
0,2014-02-30
0,2014-02-31
3715,2014-03-01
4263,2014-03-02
5351,2014-03-03
15721,2014-03-04
40858,2014-03-05
5529,2014-03-06
5027,2014-03-07
4024,2014-03-08
4326,2014-03-09
5563,2014-03-10
5590,2014-03-11
5553,2014-03-12
5720,2014-03-13
4881,2014-03-14
3785,2014-03-15
5089,2014-03-16
5443,2014-03-17
5467,2014-03-18
5823,2014-03-19
5617,2014-03-20
4778,2014-03-21
3723,2014-03-22
4301,2014-03-23
5833,2014-03-24
6126,2014-03-25
6063,2014-03-26
5499,2014-03-27
4877,2014-03-28
3647,2014-03-29
4232,2014-03-30
5154,2014-03-31
4939,2014-04-01
5212,2014-04-02
5142,2014-04-03
4661,2014-04-04
3586,2014-04-05
3994,2014-04-06
5310,2014-04-07
5206,2014-04-08
5214,2014-04-09
5011,2014-04-10
4338,2014-04-11
3362,2014-04-12
3673,2014-04-13
4987,2014-04-14
4939,2014-04-15
4676,2014-04-16
4324,2014-04-17
3789,2014-04-18
3366,2014-04-19
3508,2014-04-20
4308,2014-04-21
4980,2014-04-22
5251,2014-04-23
4999,2014-04-24
5119,2014-04-25
3937,2014-04-26
4068,2014-04-27
5398,2014-04-28
5619,2014-04-29
5203,2014-04-30
0,2014-04-31
4952,2014-05-01
4806,2014-05-02
3609,2014-05-03
4237,2014-05-04
5533,2014-05-05
5414,2014-05-06
5026,2014-05-07
4929,2014-05-08
4640,2014-05-09
3562,2014-05-10
3720,2014-05-11
74784,2014-05-12
63076,2014-05-13
6097,2014-05-14
5445,2014-05-15
4171,2014-05-16
3312,2014-05-17
3674,2014-05-18
4686,2014-05-19
5202,2014-05-20
5120,2014-05-21
4695,2014-05-22
4359,2014-05-23
3280,2014-05-24
3322,2014-05-25
4015,2014-05-26
4782,2014-05-27
4816,2014-05-28
4515,2014-05-29
3955,2014-05-30
3091,2014-05-31
3355,2014-06-01
4657,2014-06-02
4773,2014-06-03
4402,2014-06-04
4263,2014-06-05
3886,2014-06-06
3304,2014-06-07
3580,2014-06-08
4479,2014-06-09
4684,2014-06-10
4478,2014-06-11
4473,2014-06-12
3883,2014-06-13
3183,2014-06-14
3314,2014-06-15
4471,2014-06-16
4405,2014-06-17
4235,2014-06-18
4103,2014-06-19
4633,2014-06-20
3379,2014-06-21
3376,2014-06-22
4112,2014-06-23
4243,2014-06-24
4222,2014-06-25
3832,2014-06-26
3588,2014-06-27
2754,2014-06-28
3060,2014-06-29
3797,2014-06-30
0,2014-06-31
3720,2014-07-01
3840,2014-07-02
3888,2014-07-03
3255,2014-07-04
2646,2014-07-05
3086,2014-07-06
3663,2014-07-07
3904,2014-07-08
4630,2014-07-09
4868,2014-07-10
4859,2014-07-11
3076,2014-07-12
3005,2014-07-13
3673,2014-07-14
3877,2014-07-15
3913,2014-07-16
3926,2014-07-17
3855,2014-07-18
2851,2014-07-19
4071,2014-07-20
4060,2014-07-21
4059,2014-07-22
3795,2014-07-23
3679,2014-07-24
3274,2014-07-25
2811,2014-07-26
2815,2014-07-27
3587,2014-07-28
3727,2014-07-29
4805,2014-07-30
3636,2014-07-31
3338,2014-08-01
2736,2014-08-02
2898,2014-08-03
3737,2014-08-04
3721,2014-08-05
3810,2014-08-06
3521,2014-08-07
3417,2014-08-08
2938,2014-08-09
3022,2014-08-10
3762,2014-08-11
3998,2014-08-12
3931,2014-08-13
3622,2014-08-14
3517,2014-08-15
2915,2014-08-16
3194,2014-08-17
4301,2014-08-18
4010,2014-08-19
4067,2014-08-20
4186,2014-08-21
3751,2014-08-22
3069,2014-08-23
3349,2014-08-24
3996,2014-08-25
4209,2014-08-26
3827,2014-08-27
0,2014-08-28
3792,2014-08-29
3091,2014-08-30
3407,2014-08-31
3884,2014-09-01
4643,2014-09-02
5054,2014-09-03
4360,2014-09-04
3915,2014-09-05
3386,2014-09-06
3444,2014-09-07
4480,2014-09-08
4422,2014-09-09
4749,2014-09-10
4748,2014-09-11
4300,2014-09-12
3313,2014-09-13
3531,2014-09-14
4783,2014-09-15
4724,2014-09-16
5013,2014-09-17
5362,2014-09-18
4328,2014-09-19
3571,2014-09-20
3653,2014-09-21
4620,2014-09-22
4901,2014-09-23
4684,2014-09-24
4920,2014-09-25
4224,2014-09-26
3679,2014-09-27
4067,2014-09-28
10020,2014-09-29
4919,2014-09-30
0,2014-09-31
6587,2014-10-01
4721,2014-10-02
4136,2014-10-03
4724,2014-10-04
3681,2014-10-05
5380,2014-10-06
5587,2014-10-07
5927,2014-10-08
5472,2014-10-09
5554,2014-10-10
3712,2014-10-11
4288,2014-10-12
5366,2014-10-13
15882,2014-10-14
5397,2014-10-15
6397,2014-10-16
4257,2014-10-17
3377,2014-10-18
3374,2014-10-19
4952,2014-10-20
4914,2014-10-21
4802,2014-10-22
4615,2014-10-23
5626,2014-10-24
3114,2014-10-25
3503,2014-10-26
5091,2014-10-27
6662,2014-10-28
5112,2014-10-29
4760,2014-10-30
3954,2014-10-31
3276,2014-11-01
3585,2014-11-02
5370,2014-11-03
5312,2014-11-04
5669,2014-11-05
4887,2014-11-06
4662,2014-11-07
3326,2014-11-08
3643,2014-11-09
5077,2014-11-10
5323,2014-11-11
5250,2014-11-12
4837,2014-11-13
4508,2014-11-14
4155,2014-11-15
3864,2014-11-16
4924,2014-11-17
4816,2014-11-18
5265,2014-11-19
4820,2014-11-20
3962,2014-11-21
3237,2014-11-22
3313,2014-11-23
4998,2014-11-24
4750,2014-11-25
4224,2014-11-26
3700,2014-11-27
3353,2014-11-28
2933,2014-11-29
10212,2014-11-30
0,2014-11-31
4884,2014-12-01
5020,2014-12-02
4774,2014-12-03
4948,2014-12-04
4194,2014-12-05
3170,2014-12-06
3257,2014-12-07
4716,2014-12-08
5516,2014-12-09
4579,2014-12-10
4195,2014-12-11
3605,2014-12-12
2789,2014-12-13
3063,2014-12-14
3964,2014-12-15
4487,2014-12-16
3371,2014-12-17
3299,2014-12-18
2872,2014-12-19
2529,2014-12-20
2520,2014-12-21
3003,2014-12-22
2783,2014-12-23
2307,2014-12-24
1835,2014-12-25
2124,2014-12-26
2306,2014-12-27
2380,2014-12-28
2704,2014-12-29
2671,2014-12-30
2258,2014-12-31
2141,2015-01-01
3417,2015-01-02
2913,2015-01-03
3371,2015-01-04
4532,2015-01-05
6720,2015-01-06
4157,2015-01-07
3839,2015-01-08
3386,2015-01-09
2745,2015-01-10
3029,2015-01-11
4134,2015-01-12
4053,2015-01-13
3857,2015-01-14
4095,2015-01-15
3632,2015-01-16
2997,2015-01-17
2953,2015-01-18
3871,2015-01-19
4448,2015-01-20
6282,2015-01-21
4463,2015-01-22
3876,2015-01-23
2852,2015-01-24
3294,2015-01-25
4374,2015-01-26
4715,2015-01-27
4231,2015-01-28
4323,2015-01-29
3996,2015-01-30
2339,2015-01-31
3275,2015-02-01
4245,2015-02-02
4860,2015-02-03
5422,2015-02-04
0,2015-02-05
3826,2015-02-06
3039,2015-02-07
3741,2015-02-08
4523,2015-02-09
4587,2015-02-10
4476,2015-02-11
4679,2015-02-12
4580,2015-02-13
2675,2015-02-14
2908,2015-02-15
3893,2015-02-16
3997,2015-02-17
4221,2015-02-18
4133,2015-02-19
3677,2015-02-20
3107,2015-02-21
3173,2015-02-22
4149,2015-02-23
4123,2015-02-24
4173,2015-02-25
4086,2015-02-26
3730,2015-02-27
2884,2015-02-28
0,2015-02-29
0,2015-02-30
0,2015-02-31
3017,2015-03-01
4207,2015-03-02
4062,2015-03-03
4030,2015-03-04
4816,2015-03-05
4124,2015-03-06
3824,2015-03-07
5692,2015-03-08
4053,2015-03-09
4175,2015-03-10
4158,2015-03-11
6751,2015-03-12
3859,2015-03-13
4031,2015-03-14
3557,2015-03-15
3978,2015-03-16
4326,2015-03-17
4160,2015-03-18
4333,2015-03-19
3819,2015-03-20
2802,2015-03-21
2862,2015-03-22
3831,2015-03-23
4331,2015-03-24
4731,2015-03-25
4021,2015-03-26
3995,2015-03-27
2993,2015-03-28
2987,2015-03-29
4075,2015-03-30
4596,2015-03-31
