,daily_views
2008-01-01,3413
2008-01-02,5395
2008-01-03,5940
2008-01-04,5833
2008-01-05,4611
2008-01-06,5066
2008-01-07,6660
2008-01-08,6923
2008-01-09,7150
2008-01-10,7428
2008-01-11,6619
2008-01-12,4754
2008-01-13,5525
2008-01-14,7577
2008-01-15,7517
2008-01-16,7381
2008-01-17,7239
2008-01-18,6553
2008-01-19,4881
2008-01-20,5258
2008-01-21,6614
2008-01-22,7588
2008-01-23,7726
2008-01-24,7522
2008-01-25,6752
2008-01-26,4794
2008-01-27,5247
2008-01-28,7584
2008-01-29,7546
2008-01-30,7201
2008-02-01,6397
2008-02-02,4561
2008-02-03,5123
2008-02-04,7194
2008-02-05,7443
2008-02-06,7515
2008-02-07,7472
2008-02-08,6830
2008-02-09,5144
2008-02-10,5277
2008-02-11,7521
2008-02-12,10181
2008-02-13,7855
2008-02-14,7135
2008-02-15,6322
2008-02-16,4702
2008-02-17,5252
2008-02-18,7837
2008-02-19,9410
2008-02-20,7925
2008-02-21,7990
2008-02-22,6946
2008-02-23,5107
2008-02-24,5923
2008-02-25,8571
2008-02-26,9556
2008-02-27,8776
2008-02-28,0
2008-02-29,7317
2008-02-30,0
2008-02-31,0
2008-03-01,0
2008-03-02,5997
2008-03-03,0
2008-03-04,0
2008-03-05,9260
2008-03-06,11265
2008-03-07,8751
2008-03-08,5889
2008-03-09,6746
2008-03-10,9103
2008-03-11,8884
2008-03-12,8614
2008-03-13,8645
2008-03-14,7433
2008-03-15,5235
2008-03-16,5982
2008-03-17,8704
2008-03-18,8018
2008-03-19,8332
2008-03-20,7491
2008-03-21,5605
2008-03-22,4735
2008-03-23,5110
2008-03-24,7515
2008-03-25,8154
2008-03-26,8135
2008-03-27,8412
2008-03-28,8787
2008-03-29,5636
2008-03-30,5882
2008-03-31,8664
2008-04-01,8967
2008-04-02,8844
2008-04-03,8720
2008-04-04,7334
2008-04-05,5304
2008-04-06,5711
2008-04-07,8570
2008-04-08,8660
2008-04-09,8592
2008-04-10,8964
2008-04-11,7832
2008-04-12,5374
2008-04-13,6238
2008-04-14,9151
2008-04-15,9340
2008-04-16,9185
2008-04-17,9130
2008-04-18,7737
2008-04-19,5601
2008-04-20,6306
2008-04-21,9453
2008-04-22,9046
2008-04-23,8906
2008-04-24,8599
2008-04-25,7380
2008-04-26,5533
2008-04-27,6276
2008-04-28,9248
2008-04-29,9120
2008-04-30,9857
2008-04-31,0
2008-05-01,8503
2008-05-02,7920
2008-05-03,5319
2008-05-04,6362
2008-05-05,8671
2008-05-06,9234
2008-05-07,8884
2008-05-08,8869
2008-05-09,8183
2008-05-10,5392
2008-05-11,6441
2008-05-12,8644
2008-05-13,9134
2008-05-14,8479
2008-05-15,8959
2008-05-16,7658
2008-05-17,5609
2008-05-18,6043
2008-05-19,8669
2008-05-20,13605
2008-05-21,11443
2008-05-22,9050
2008-05-23,7227
2008-05-24,5275
2008-05-25,5615
2008-05-26,7028
2008-05-27,9475
2008-05-28,9061
2008-05-29,8634
2008-05-30,7394
2008-05-31,5375
2008-06-01,0
2008-06-02,0
2008-06-03,9766
2008-06-04,9283
2008-06-05,8248
2008-06-06,8054
2008-06-07,6748
2008-06-08,5380
2008-06-09,5926
2008-06-10,8108
2008-06-11,8511
2008-06-12,7928
2008-06-13,7912
2008-06-14,6829
2008-06-15,5204
2008-06-16,5334
2008-06-17,8326
2008-06-18,7916
2008-06-19,7829
2008-06-20,8099
2008-06-21,6902
2008-06-22,5256
2008-06-23,5413
2008-06-24,7672
2008-06-25,7766
2008-06-26,7521
2008-06-27,7224
2008-06-28,6515
2008-06-29,4986
2008-06-30,5391
2008-06-31,7602
2008-07-02,7459
2008-07-03,6844
2008-07-04,5814
2008-07-05,4843
2008-07-06,5031
2008-07-07,6882
2008-07-08,6996
2008-07-09,6739
2008-07-10,6598
2008-07-11,5818
2008-07-12,5492
2008-08-01,5875
2008-08-02,4950
2008-08-03,5114
2008-08-04,6789
2008-08-05,6786
2008-08-06,6731
2008-08-07,6810
2008-08-08,5776
2008-08-09,4586
2008-08-10,5184
2008-08-11,6191
2008-08-12,6418
2008-08-13,6108
2008-08-14,6047
2008-08-15,4987
2008-08-16,4273
2008-08-17,4566
2008-08-18,6257
2008-08-19,7174
2008-08-20,7087
2008-08-21,6767
2008-08-22,6371
2008-08-23,4667
2008-08-24,5096
2008-08-25,6666
2008-08-26,6727
2008-08-27,7145
2008-08-28,6978
2008-08-29,6109
2008-08-30,4676
2008-08-31,5462
2008-09-01,6162
2008-09-02,6773
2008-09-03,6956
2008-09-04,7275
2008-09-05,7036
2008-09-06,6400
2008-09-07,5724
2008-09-08,7460
2008-09-09,8090
2008-09-10,7220
2008-09-11,7672
2008-09-12,6987
2008-09-13,4857
2008-09-14,6255
2008-09-15,8185
2008-09-16,8366
2008-09-17,8358
2008-09-18,7858
2008-09-19,7244
2008-09-20,4927
2008-09-21,5802
2008-09-22,8336
2008-09-23,8645
2008-09-24,8413
2008-09-25,8298
2008-09-26,7099
2008-09-27,5861
2008-09-28,7348
2008-09-29,8632
2008-09-30,7388
2008-09-31,0
2008-10-01,8943
2008-10-02,8227
2008-10-03,7349
2008-10-04,5463
2008-10-05,6585
2008-10-06,9406
2008-10-07,9467
2008-10-08,8642
2008-10-09,8734
2008-10-10,7658
2008-10-11,5412
2008-10-12,6430
2008-10-13,8417
2008-10-14,9640
2008-10-15,9190
2008-10-16,8436
2008-10-17,7501
2008-10-18,5689
2008-10-19,7944
2008-10-20,9208
2008-10-21,0
2008-10-22,0
2008-10-23,8827
2008-10-24,7486
2008-10-25,5762
2008-10-26,6579
2008-10-27,8766
2008-10-28,8207
2008-10-29,8910
2008-10-30,8417
2008-10-31,7169
2008-11-01,5438
2008-11-02,6752
2008-11-03,9433
2008-11-04,8958
2008-11-05,8221
2008-11-06,8944
2008-11-07,7920
2008-11-08,5664
2008-11-09,6660
2008-11-10,8717
2008-11-11,8641
2008-11-12,9149
2008-11-13,9206
2008-11-14,7909
2008-11-15,5600
2008-11-16,6909
2008-11-17,9485
2008-11-18,9503
2008-11-19,8591
2008-11-20,8892
2008-11-21,7559
2008-11-22,5359
2008-11-23,6740
2008-11-24,8433
2008-11-25,8392
2008-11-26,7794
2008-11-27,6436
2008-11-28,6117
2008-11-29,5579
2008-11-30,6310
2008-11-31,0
2008-12-01,10262
2008-12-02,9189
2008-12-03,9213
2008-12-04,9586
2008-12-05,8335
2008-12-06,5647
2008-12-07,6273
2008-12-08,7961
2008-12-09,8565
2008-12-10,9552
2008-12-11,8039
2008-12-12,7181
2008-12-13,4941
2008-12-14,6030
2008-12-15,7447
2008-12-16,7413
2008-12-17,7504
2008-12-18,7104
2008-12-19,5937
2008-12-20,4169
2008-12-21,4507
2008-12-22,5536
2008-12-23,5165
2008-12-24,4206
2008-12-25,3358
2008-12-26,4372
2008-12-27,4249
2008-12-28,4446
2008-12-29,5248
2008-12-30,5579
2008-12-31,4957
2009-01-01,3844
2009-01-02,5278
2009-01-03,5633
2009-01-04,5342
2009-01-05,7838
2009-01-06,7745
2009-01-07,8390
2009-01-08,8684
2009-01-09,7434
2009-01-10,6668
2009-01-11,6831
2009-01-12,8525
2009-01-13,8783
2009-01-14,8372
2009-01-15,8225
2009-01-16,7782
2009-01-17,5721
2009-01-18,6456
2009-01-19,8258
2009-01-20,8309
2009-01-21,8389
2009-01-22,8978
2009-01-23,7596
2009-01-24,5966
2009-01-25,6317
2009-01-26,8367
2009-01-27,8744
2009-01-28,8891
2009-01-29,8953
2009-01-30,8086
2009-01-31,5865
2009-02-01,6547
2009-02-02,8067
2009-02-03,8362
2009-02-04,9763
2009-02-05,9845
2009-02-06,8498
2009-02-07,6264
2009-02-08,6905
2009-02-09,8745
2009-02-10,8772
2009-02-11,9339
2009-02-12,8154
2009-02-13,7426
2009-02-14,6160
2009-02-15,6965
2009-02-16,8771
2009-02-17,9267
2009-02-18,8866
2009-02-19,9622
2009-02-20,8950
2009-02-21,6309
2009-02-22,7355
2009-02-23,9601
2009-02-24,9534
2009-02-25,9917
2009-02-26,10184
2009-02-27,8150
2009-02-28,6054
2009-02-29,0
2009-02-30,0
2009-02-31,0
2009-03-01,7659
2009-03-02,9576
2009-03-03,9524
2009-03-04,9634
2009-03-05,9156
2009-03-06,8490
2009-03-07,6622
2009-03-08,7525
2009-03-09,9845
2009-03-10,8850
2009-03-11,9461
2009-03-12,9503
2009-03-13,8212
2009-03-14,6271
2009-03-15,7355
2009-03-16,9937
2009-03-17,9453
2009-03-18,9454
2009-03-19,9408
2009-03-20,7913
2009-03-21,5601
2009-03-22,9348
2009-03-23,10992
2009-03-24,10015
2009-03-25,9216
2009-03-26,8833
2009-03-27,7919
2009-03-28,5820
2009-03-29,6720
2009-03-30,8858
2009-03-31,9266
2009-04-01,8582
2009-04-02,8177
2009-04-03,7479
2009-04-04,5565
2009-04-05,6364
2009-04-06,8548
2009-04-07,8519
2009-04-08,8103
2009-04-09,7491
2009-04-10,6126
2009-04-11,5144
2009-04-12,5099
2009-04-13,7332
2009-04-14,7949
2009-04-15,8468
2009-04-16,7982
2009-04-17,6835
2009-04-18,5553
2009-04-19,6150
2009-04-20,8479
2009-04-21,8231
2009-04-22,8287
2009-04-23,7898
2009-04-24,7589
2009-04-25,5573
2009-04-26,7063
2009-04-27,9432
2009-04-28,8560
2009-04-29,8666
2009-04-30,8248
2009-04-31,0
2009-05-01,7829
2009-05-02,5714
2009-05-03,6501
2009-05-04,8514
2009-05-05,9107
2009-05-06,8691
2009-05-07,8427
2009-05-08,7257
2009-05-09,5789
2009-05-10,5997
2009-05-11,8376
2009-05-12,8722
2009-05-13,9251
2009-05-14,9661
2009-05-15,15422
2009-05-16,6861
2009-05-17,6727
2009-05-18,10008
2009-05-19,9624
2009-05-20,9209
2009-05-21,8625
2009-05-22,7355
2009-05-23,5545
2009-05-24,5684
2009-05-25,7101
2009-05-26,8821
2009-05-27,7833
2009-05-28,8047
2009-05-29,6869
2009-05-30,5266
2009-05-31,5588
2009-06-01,8587
2009-06-02,7530
2009-06-03,7441
2009-06-04,7643
2009-06-05,6693
2009-06-06,4793
2009-06-07,5432
2009-06-08,10434
2009-06-09,7652
2009-06-10,7649
2009-06-11,7346
2009-06-12,6390
2009-06-13,4569
2009-06-14,5284
2009-06-15,7184
2009-06-16,7371
2009-06-17,7220
2009-06-18,7005
2009-06-19,5880
2009-06-20,5065
2009-06-21,5442
2009-06-22,7097
2009-06-23,6804
2009-06-24,7213
2009-06-25,9147
2009-06-26,7795
2009-06-27,5718
2009-06-28,5432
2009-06-29,7277
2009-06-30,7338
2009-06-31,0
2009-07-01,7297
2009-07-02,6352
2009-07-03,5793
2009-07-04,4581
2009-07-05,4486
2009-07-06,6898
2009-07-07,6861
2009-07-08,7042
2009-07-09,7121
2009-07-10,6250
2009-07-11,4943
2009-07-12,4967
2009-07-13,7510
2009-07-14,7550
2009-07-15,7036
2009-07-16,7595
2009-07-17,6524
2009-07-18,4882
2009-07-19,5642
2009-07-20,7734
2009-07-21,7898
2009-07-22,7746
2009-07-23,7015
2009-07-24,6308
2009-07-25,4698
2009-07-26,5309
2009-07-27,7153
2009-07-28,6736
2009-07-29,6950
2009-07-30,6509
2009-07-31,5881
2009-08-01,5079
2009-08-02,5452
2009-08-03,7268
2009-08-04,7020
2009-08-05,7238
2009-08-06,6864
2009-08-07,6462
2009-08-08,5189
2009-08-09,5731
2009-08-10,6874
2009-08-11,7176
2009-08-12,7416
2009-08-13,6811
2009-08-14,6353
2009-08-15,4411
2009-08-16,5078
2009-08-17,6636
2009-08-18,6266
2009-08-19,6748
2009-08-20,6519
2009-08-21,6567
2009-08-22,4794
2009-08-23,5167
2009-08-24,6753
2009-08-25,6854
2009-08-26,7709
2009-08-27,8264
2009-08-28,6479
2009-08-29,5335
2009-08-30,5637
2009-08-31,6934
2009-09-01,7206
2009-09-02,7720
2009-09-03,7329
2009-09-04,6400
2009-09-05,5261
2009-09-06,5463
2009-09-07,6512
2009-09-08,7344
2009-09-09,7327
2009-09-10,7577
2009-09-11,6571
2009-09-12,5365
2009-09-13,6393
2009-09-14,7636
2009-09-15,12711
2009-09-16,9303
2009-09-17,8945
2009-09-18,7428
2009-09-19,5637
2009-09-20,5845
2009-09-21,7750
2009-09-22,8120
2009-09-23,0
2009-09-24,8115
2009-09-25,0
2009-09-26,0
2009-09-27,0
2009-09-28,8238
2009-09-29,8709
2009-09-30,7933
2009-10-01,8047
2009-10-02,7473
2009-10-03,5898
2009-10-04,6651
2009-10-05,8521
2009-10-06,8087
2009-10-07,8412
2009-10-08,8379
2009-10-09,7108
2009-10-10,5496
2009-10-11,6206
2009-10-12,7733
2009-10-13,9149
2009-10-14,0
2009-10-15,0
2009-10-16,0
2009-10-17,5157
2009-10-18,5880
2009-10-19,8109
2009-10-20,8524
2009-10-21,8848
2009-10-22,8990
2009-10-23,8399
2009-10-24,6727
2009-10-25,7203
2009-10-26,8820
2009-10-27,8796
2009-10-28,9208
2009-10-29,8502
2009-10-30,7639
2009-10-31,5552
2009-11-01,5632
2009-11-02,7576
2009-11-03,9705
2009-11-04,9670
2009-11-05,9159
2009-11-06,8210
2009-11-07,5799
2009-11-08,6669
2009-11-09,8772
2009-11-10,9040
2009-11-11,8585
2009-11-12,8793
2009-11-13,7522
2009-11-14,5831
2009-11-15,0
2009-11-16,8756
2009-11-17,8401
2009-11-18,7763
2009-11-19,7609
2009-11-20,7387
2009-11-21,5436
2009-11-22,0
2009-11-23,7236
2009-11-24,6671
2009-11-25,6380
2009-11-26,5961
2009-11-27,5619
2009-11-28,5126
2009-11-29,5662
2009-11-30,7625
2009-11-31,0
2009-12-01,8101
2009-12-02,7366
2009-12-03,7628
2009-12-04,7297
2009-12-05,5709
2009-12-06,6010
2009-12-07,8428
2009-12-08,7673
2009-12-09,7837
2009-12-10,7185
2009-12-11,6484
2009-12-12,5437
2009-12-13,5371
2009-12-14,6800
2009-12-15,6889
2009-12-16,6656
2009-12-17,6872
2009-12-18,6675
2009-12-19,5507
2009-12-20,5179
2009-12-21,5969
2009-12-22,5750
2009-12-23,5077
2009-12-24,3803
2009-12-25,3260
2009-12-26,3783
2009-12-27,4473
2009-12-28,5444
2009-12-29,5615
2009-12-30,5717
2009-12-31,4902
2010-01-01,4323
2010-01-02,4950
2010-01-03,4942
2010-01-04,5533
2010-01-05,6285
2010-01-06,7099
2010-01-07,7818
2010-01-08,7339
2010-01-09,5913
2010-01-10,5925
2010-01-11,7971
2010-01-12,7312
2010-01-13,7384
2010-01-14,7779
2010-01-15,7266
2010-01-16,5815
2010-01-17,5962
2010-01-18,7607
2010-01-19,8094
2010-01-20,7487
2010-01-21,7635
2010-01-22,7062
2010-01-23,0
2010-01-24,0
2010-01-25,7714
2010-01-26,8181
2010-01-27,7808
2010-01-28,7941
2010-01-29,6847
2010-01-30,5696
2010-01-31,6333
2010-02-01,7968
2010-02-02,8371
2010-02-03,8427
2010-02-04,9081
2010-02-05,7681
2010-02-06,5881
2010-02-07,6145
2010-02-08,0
2010-02-09,7997
2010-02-10,7662
2010-02-11,7131
2010-02-12,6476
2010-02-13,4927
2010-02-14,5012
2010-02-15,6498
2010-02-16,7142
2010-02-17,7478
2010-02-18,7774
2010-02-19,6588
2010-02-20,5620
2010-02-21,6292
2010-02-22,8356
2010-02-23,8320
2010-02-24,7663
2010-02-25,6857
2010-02-26,6399
2010-02-27,6093
2010-02-28,5915
2010-02-29,0
2010-02-30,0
2010-02-31,0
2010-03-01,7260
2010-03-02,7883
2010-03-03,8109
2010-03-04,8249
2010-03-05,7437
2010-03-06,5496
2010-03-07,6299
2010-03-08,7577
2010-03-09,8211
2010-03-10,8202
2010-03-11,8051
2010-03-12,7618
2010-03-13,6445
2010-03-14,6105
2010-03-15,7634
2010-03-16,7988
2010-03-17,7805
2010-03-18,7853
2010-03-19,7066
2010-03-20,5605
2010-03-21,6296
2010-03-22,7740
2010-03-23,7739
2010-03-24,7844
2010-03-25,8023
2010-03-26,7427
2010-03-27,6302
2010-03-28,5827
2010-03-29,7429
2010-03-30,7514
2010-03-31,7538
2010-04-01,6767
2010-04-02,6031
2010-04-03,5586
2010-04-04,5818
2010-04-05,6811
2010-04-06,6815
2010-04-07,7286
2010-04-08,7539
2010-04-09,7158
2010-04-10,5416
2010-04-11,5896
2010-04-12,7204
2010-04-13,7626
2010-04-14,7323
2010-04-15,7620
2010-04-16,8207
2010-04-17,6413
2010-04-18,5956
2010-04-19,7448
2010-04-20,7967
2010-04-21,7978
2010-04-22,7656
2010-04-23,7299
2010-04-24,5892
2010-04-25,6362
2010-04-26,8222
2010-04-27,8378
2010-04-28,7725
2010-04-29,7850
2010-04-30,7855
2010-04-31,0
2010-05-01,5814
2010-05-02,6327
2010-05-03,7961
2010-05-04,8307
2010-05-05,7877
2010-05-06,8006
2010-05-07,7620
2010-05-08,5708
2010-05-09,5946
2010-05-10,7664
2010-05-11,7597
2010-05-12,7634
2010-05-13,6196
2010-05-14,6134
2010-05-15,5768
2010-05-16,5822
2010-05-17,7116
2010-05-18,6300
2010-05-19,5750
2010-05-20,7099
2010-05-21,6804
2010-05-22,5592
2010-05-23,5647
2010-05-24,6807
2010-05-25,7216
2010-05-26,7167
2010-05-27,6218
2010-05-28,5345
2010-05-29,5566
2010-05-30,5384
2010-05-31,6544
2010-06-01,6557
2010-06-02,7028
2010-06-03,6809
2010-06-04,6756
2010-06-05,5945
2010-06-06,5681
2010-06-07,6762
2010-06-08,6313
2010-06-09,6216
2010-06-10,6124
2010-06-11,3651
2010-06-12,1066
2010-06-13,1114
2010-06-14,1145
2010-06-15,2695
2010-06-16,4281
2010-06-17,5942
2010-06-18,5342
2010-06-19,4910
2010-06-20,4930
2010-06-21,6264
2010-06-22,6111
2010-06-23,5919
2010-06-24,4943
2010-06-25,4690
2010-06-26,0
2010-06-27,1589
2010-06-28,0
2010-06-29,5648
2010-06-30,5700
2010-06-31,0
2010-07-01,5364
2010-07-02,5062
2010-07-03,4140
2010-07-04,3842
2010-07-05,0
2010-07-06,4875
2010-07-07,0
2010-07-08,0
2010-07-09,0
2010-07-10,0
2010-07-11,4250
2010-07-12,4652
2010-07-13,5058
2010-07-14,5095
2010-07-15,5093
2010-07-16,4979
2010-07-17,4192
2010-07-18,4668
2010-07-19,5035
2010-07-20,5014
2010-07-21,5548
2010-07-22,6653
2010-07-23,6978
2010-07-24,6091
2010-07-25,6197
2010-07-26,7997
2010-07-27,7547
2010-07-28,7227
2010-07-29,7713
2010-07-30,6666
2010-07-31,5888
2010-08-01,5995
2010-08-02,7545
2010-08-03,7777
2010-08-04,7945
2010-08-05,8126
2010-08-06,7411
2010-08-07,5801
2010-08-08,6010
2010-08-09,8323
2010-08-10,7831
2010-08-11,7894
2010-08-12,7792
2010-08-13,7201
2010-08-14,5620
2010-08-15,6293
2010-08-16,7663
2010-08-17,8439
2010-08-18,8050
2010-08-19,7884
2010-08-20,6780
2010-08-21,5855
2010-08-22,6111
2010-08-23,7318
2010-08-24,8095
2010-08-25,7784
2010-08-26,7902
2010-08-27,6823
2010-08-28,5746
2010-08-29,6147
2010-08-30,8050
2010-08-31,7947
2010-09-01,9476
2010-09-02,8952
2010-09-03,8083
2010-09-04,6308
2010-09-05,6540
2010-09-06,7752
2010-09-07,8279
2010-09-08,9137
2010-09-09,8518
2010-09-10,8132
2010-09-11,7618
2010-09-12,6949
2010-09-13,9590
2010-09-14,9711
2010-09-15,9482
2010-09-16,9256
2010-09-17,8075
2010-09-18,6475
2010-09-19,7967
2010-09-20,9238
2010-09-21,10327
2010-09-22,9413
2010-09-23,9311
2010-09-24,8554
2010-09-25,6683
2010-09-26,7434
2010-09-27,9835
2010-09-28,10286
2010-09-29,10158
2010-09-30,9875
2010-09-31,0
2010-10-01,8627
2010-10-02,6812
2010-10-03,7319
2010-10-04,9521
2010-10-05,10307
2010-10-06,10063
2010-10-07,9758
2010-10-08,9055
2010-10-09,6730
2010-10-10,7244
2010-10-11,9449
2010-10-12,10449
2010-10-13,10331
2010-10-14,10254
2010-10-15,9668
2010-10-16,7009
2010-10-17,8056
2010-10-18,10598
2010-10-19,10103
2010-10-20,10330
2010-10-21,9588
2010-10-22,9292
2010-10-23,6968
2010-10-24,7561
2010-10-25,9764
2010-10-26,10200
2010-10-27,9446
2010-10-28,10097
2010-10-29,8357
2010-10-30,6320
2010-10-31,7161
2010-11-01,9313
2010-11-02,9957
2010-11-03,9220
2010-11-04,10811
2010-11-05,8821
2010-11-06,6695
2010-11-07,7083
2010-11-08,10737
2010-11-09,9864
2010-11-10,9936
2010-11-11,9612
2010-11-12,8728
2010-11-13,6474
2010-11-14,6597
2010-11-15,8716
2010-11-16,8711
2010-11-17,9226
2010-11-18,9907
2010-11-19,8816
2010-11-20,6878
2010-11-21,7270
2010-11-22,9873
2010-11-23,9829
2010-11-24,9145
2010-11-25,8243
2010-11-26,7008
2010-11-27,6655
2010-11-28,7672
2010-11-29,9942
2010-11-30,10056
2010-11-31,0
2010-12-01,10078
2010-12-02,9636
2010-12-03,8713
2010-12-04,7243
2010-12-05,7845
2010-12-06,9932
2010-12-07,11319
2010-12-08,13148
2010-12-09,10988
2010-12-10,9884
2010-12-11,7388
2010-12-12,7762
2010-12-13,9741
2010-12-14,10028
2010-12-15,9522
2010-12-16,8986
2010-12-17,8048
2010-12-18,6065
2010-12-19,6479
2010-12-20,7865
2010-12-21,7918
2010-12-22,7519
2010-12-23,6766
2010-12-24,5337
2010-12-25,4431
2010-12-26,9085
2010-12-27,8756
2010-12-28,6713
2010-12-29,7494
2010-12-30,6985
2010-12-31,5997
2011-01-01,5404
2011-01-02,6832
2011-01-03,10140
2011-01-04,9055
2011-01-05,9801
2011-01-06,9937
2011-01-07,9080
2011-01-08,7136
2011-01-09,7805
2011-01-10,9798
2011-01-11,10195
2011-01-12,9732
2011-01-13,11413
2011-01-14,19654
2011-01-15,10996
2011-01-16,10204
2011-01-17,10990
2011-01-18,11729
2011-01-19,11800
2011-01-20,11423
2011-01-21,9888
2011-01-22,8181
2011-01-23,8647
2011-01-24,10573
2011-01-25,9682
2011-01-26,9435
2011-01-27,8609
2011-01-28,7931
2011-01-29,6017
2011-01-30,6897
2011-01-31,8910
2011-02-01,8923
2011-02-02,8572
2011-02-03,8835
2011-02-04,8842
2011-02-05,6122
2011-02-06,7039
2011-02-07,8693
2011-02-08,8412
2011-02-09,8439
2011-02-10,8298
2011-02-11,7267
2011-02-12,5601
2011-02-13,6142
2011-02-14,8093
2011-02-15,8073
2011-02-16,8533
2011-02-17,8550
2011-02-18,7458
2011-02-19,5563
2011-02-20,6067
2011-02-21,8384
2011-02-22,8116
2011-02-23,8100
2011-02-24,8011
2011-02-25,7005
2011-02-26,18821
2011-02-27,6599
2011-02-28,8903
2011-02-29,0
2011-02-30,0
2011-02-31,0
2011-03-01,8608
2011-03-02,8921
2011-03-03,8224
2011-03-04,7226
2011-03-05,5613
2011-03-06,6915
2011-03-07,8739
2011-03-08,8386
2011-03-09,8703
2011-03-10,8688
2011-03-11,7055
2011-03-12,5487
2011-03-13,6579
2011-03-14,8098
2011-03-15,8577
2011-03-16,8895
2011-03-17,8236
2011-03-18,6823
2011-03-19,5174
2011-03-20,5517
2011-03-21,8092
2011-03-22,7832
2011-03-23,8227
2011-03-24,7883
2011-03-25,6804
2011-03-26,5352
2011-03-27,5877
2011-03-28,8698
2011-03-29,7846
2011-03-30,7750
2011-03-31,7900
2011-04-01,6372
2011-04-02,4534
2011-04-03,5586
2011-04-04,7766
2011-04-05,7901
2011-04-06,7821
2011-04-07,6976
2011-04-08,6725
2011-04-09,4784
2011-04-10,5739
2011-04-11,7832
2011-04-12,7755
2011-04-13,7297
2011-04-14,7426
2011-04-15,6274
2011-04-16,5080
2011-04-17,5506
2011-04-18,7302
2011-04-19,7519
2011-04-20,7683
2011-04-21,6792
2011-04-22,5866
2011-04-23,5426
2011-04-24,5022
2011-04-25,7458
2011-04-26,7960
2011-04-27,7470
2011-04-28,7624
2011-04-29,6429
2011-04-30,5043
2011-04-31,0
2011-05-01,5709
2011-05-02,7166
2011-05-03,7318
2011-05-04,7785
2011-05-05,8018
2011-05-06,6867
2011-05-07,5568
2011-05-08,6613
2011-05-09,8041
2011-05-10,7693
2011-05-11,8303
2011-05-12,7935
2011-05-13,6894
2011-05-14,5757
2011-05-15,6395
2011-05-16,10320
2011-05-17,7965
2011-05-18,8772
2011-05-19,7867
2011-05-20,6725
2011-05-21,4790
2011-05-22,5756
2011-05-23,7894
2011-05-24,7452
2011-05-25,7559
2011-05-26,7384
2011-05-27,6132
2011-05-28,5001
2011-05-29,5144
2011-05-30,6284
2011-05-31,7665
2011-06-01,7819
2011-06-02,7175
2011-06-03,6163
2011-06-04,5069
2011-06-05,5708
2011-06-06,6947
2011-06-07,7222
2011-06-08,6725
2011-06-09,7248
2011-06-10,6324
2011-06-11,4982
2011-06-12,5300
2011-06-13,6783
2011-06-14,6091
2011-06-15,7045
2011-06-16,6318
2011-06-17,6301
2011-06-18,6246
2011-06-19,5649
2011-06-20,7312
2011-06-21,7445
2011-06-22,7712
2011-06-23,7306
2011-06-24,6690
2011-06-25,5091
2011-06-26,5611
2011-06-27,6333
2011-06-28,6945
2011-06-29,6475
2011-06-30,6205
2011-06-31,0
2011-07-01,5984
2011-07-02,4688
2011-07-03,4598
2011-07-04,5986
2011-07-05,6199
2011-07-06,6608
2011-07-07,11559
2011-07-08,5860
2011-07-09,4815
2011-07-10,4966
2011-07-11,6243
2011-07-12,6600
2011-07-13,6517
2011-07-14,6409
2011-07-15,5606
2011-07-16,4846
2011-07-17,5731
2011-07-18,6891
2011-07-19,6541
2011-07-20,6680
2011-07-21,6361
2011-07-22,5859
2011-07-23,4680
2011-07-24,4964
2011-07-25,6351
2011-07-26,6667
2011-07-27,6631
2011-07-28,6355
2011-07-29,5877
2011-07-30,4771
2011-07-31,4819
2011-08-01,6022
2011-08-02,7535
2011-08-03,6419
2011-08-04,6594
2011-08-05,5957
2011-08-06,4760
2011-08-07,4960
2011-08-08,6080
2011-08-09,5950
2011-08-10,5904
2011-08-11,6293
2011-08-12,5234
2011-08-13,4426
2011-08-14,4795
2011-08-15,5598
2011-08-16,6455
2011-08-17,5753
2011-08-18,5061
2011-08-19,5642
2011-08-20,4577
2011-08-21,4526
2011-08-22,6205
2011-08-23,6294
2011-08-24,5594
2011-08-25,5753
2011-08-26,5510
2011-08-27,4778
2011-08-28,4559
2011-08-29,5199
2011-08-30,5374
2011-08-31,5704
2011-09-01,5473
2011-09-02,0
2011-09-03,4566
2011-09-04,4590
2011-09-05,5260
2011-09-06,5880
2011-09-07,5523
2011-09-08,5766
2011-09-09,5691
2011-09-10,6209
2011-09-11,4865
2011-09-12,6769
2011-09-13,6286
2011-09-14,6086
2011-09-15,6370
2011-09-16,5914
2011-09-17,5351
2011-09-18,5074
2011-09-19,6190
2011-09-20,6452
2011-09-21,6022
2011-09-22,6271
2011-09-23,5651
2011-09-24,5275
2011-09-25,5292
2011-09-26,6538
2011-09-27,6770
2011-09-28,6329
2011-09-29,6750
2011-09-30,6494
2011-09-31,0
2011-10-01,6274
2011-10-02,5940
2011-10-03,7941
2011-10-04,7666
2011-10-05,7623
2011-10-06,14458
2011-10-07,10395
2011-10-08,7371
2011-10-09,7819
2011-10-10,8290
2011-10-11,8998
2011-10-12,8217
2011-10-13,8465
2011-10-14,7773
2011-10-15,5607
2011-10-16,6115
2011-10-17,8052
2011-10-18,8468
2011-10-19,8179
2011-10-20,7894
2011-10-21,7624
2011-10-22,5008
2011-10-23,5566
2011-10-24,7420
2011-10-25,7981
2011-10-26,8388
2011-10-27,8391
2011-10-28,6990
2011-10-29,5684
2011-10-30,6180
2011-10-31,8163
2011-11-01,8591
2011-11-02,9256
2011-11-03,8601
2011-11-04,7493
2011-11-05,5666
2011-11-06,6568
2011-11-07,8776
2011-11-08,9063
2011-11-09,8751
2011-11-10,8449
2011-11-11,6672
2011-11-12,5646
2011-11-13,6539
2011-11-14,8674
2011-11-15,8764
2011-11-16,8285
2011-11-17,8706
2011-11-18,7313
2011-11-19,5818
2011-11-20,6321
2011-11-21,8159
2011-11-22,8838
2011-11-23,7806
2011-11-24,6713
2011-11-25,6112
2011-11-26,6295
2011-11-27,6759
2011-11-28,10138
2011-11-29,9035
2011-11-30,8585
2011-11-31,0
2011-12-01,9330
2011-12-02,7847
2011-12-03,6630
2011-12-04,24441
2011-12-05,14480
2011-12-06,8633
2011-12-07,9366
2011-12-08,8466
2011-12-09,8354
2011-12-10,5747
2011-12-11,6345
2011-12-12,7806
2011-12-13,8687
2011-12-14,7960
2011-12-15,7696
2011-12-16,6649
2011-12-17,4984
2011-12-18,5697
2011-12-19,6336
2011-12-20,6711
2011-12-21,6018
2011-12-22,5561
2011-12-23,251
2011-12-24,0
2011-12-25,0
2011-12-26,1651
2011-12-27,5400
2011-12-28,6256
2011-12-29,5744
2011-12-30,5520
2011-12-31,4638
2012-01-01,4651
2012-01-02,6571
2012-01-03,7003
2012-01-04,7657
2012-01-05,8062
2012-01-06,7333
2012-01-07,6247
2012-01-08,6847
2012-01-09,8433
2012-01-10,8627
2012-01-11,8877
2012-01-12,9226
2012-01-13,8408
2012-01-14,6383
2012-01-15,6969
2012-01-16,7770
2012-01-17,8702
2012-01-18,9776
2012-01-19,8969
2012-01-20,7991
2012-01-21,6418
2012-01-22,6744
2012-01-23,8314
2012-01-24,8784
2012-01-25,8877
2012-01-26,8582
2012-01-27,7574
2012-01-28,5867
2012-01-29,7128
2012-01-30,9470
2012-01-31,9863
2012-02-01,8060
2012-02-02,8853
2012-02-03,7719
2012-02-04,6523
2012-02-05,8135
2012-02-06,10415
2012-02-07,9380
2012-02-08,8791
2012-02-09,8575
2012-02-10,7704
2012-02-11,6263
2012-02-12,6663
2012-02-13,8280
2012-02-14,8760
2012-02-15,8693
2012-02-16,8732
2012-02-17,8219
2012-02-18,5658
2012-02-19,6551
2012-02-20,7668
2012-02-21,8087
2012-02-22,8447
2012-02-23,8508
2012-02-24,7575
2012-02-25,6050
2012-02-26,6453
2012-02-27,8597
2012-02-28,8706
2012-02-29,8476
2012-02-30,0
2012-02-31,0
2012-03-01,8281
2012-03-02,7273
2012-03-03,5777
2012-03-04,6809
2012-03-05,8307
2012-03-06,8148
2012-03-07,8481
2012-03-08,8424
2012-03-09,7958
2012-03-10,29581
2012-03-11,6488
2012-03-12,7710
2012-03-13,8596
2012-03-14,8173
2012-03-15,7977
2012-03-16,6788
2012-03-17,5534
2012-03-18,5524
2012-03-19,7637
2012-03-20,7576
2012-03-21,7631
2012-03-22,6619
2012-03-23,5903
2012-03-24,4270
2012-03-25,5465
2012-03-26,7343
2012-03-27,7204
2012-03-28,7253
2012-03-29,7401
2012-03-30,6670
2012-03-31,5073
2012-04-01,5458
2012-04-02,6682
2012-04-03,7075
2012-04-04,6183
2012-04-05,6130
2012-04-06,5293
2012-04-07,4424
2012-04-08,4863
2012-04-09,6511
2012-04-10,7175
2012-04-11,6938
2012-04-12,6904
2012-04-13,5930
2012-04-14,5226
2012-04-15,5709
2012-04-16,6924
2012-04-17,7235
2012-04-18,7985
2012-04-19,7326
2012-04-20,6741
2012-04-21,5072
2012-04-22,5817
2012-04-23,7874
2012-04-24,8379
2012-04-25,7580
2012-04-26,7636
2012-04-27,7195
2012-04-28,5221
2012-04-29,6062
2012-04-30,0
2012-04-31,0
2012-05-01,7917
2012-05-02,7697
2012-05-03,8959
2012-05-04,7471
2012-05-05,6298
2012-05-06,5992
2012-05-07,8270
2012-05-08,7984
2012-05-09,8721
2012-05-10,7553
2012-05-11,6568
2012-05-12,5016
2012-05-13,5566
2012-05-14,7447
2012-05-15,8014
2012-05-16,7363
2012-05-17,8421
2012-05-18,6459
2012-05-19,4896
2012-05-20,5967
2012-05-21,8349
2012-05-22,7478
2012-05-23,7728
2012-05-24,7733
2012-05-25,5960
2012-05-26,5020
2012-05-27,5849
2012-05-28,6358
2012-05-29,7244
2012-05-30,7083
2012-05-31,7074
2012-06-01,6273
2012-06-02,5301
2012-06-03,5857
2012-06-04,6798
2012-06-05,7603
2012-06-06,6679
2012-06-07,6362
2012-06-08,5903
2012-06-09,4951
2012-06-10,5058
2012-06-11,6602
2012-06-12,6723
2012-06-13,6462
2012-06-14,6696
2012-06-15,5808
2012-06-16,5249
2012-06-17,5378
2012-06-18,6681
2012-06-19,6743
2012-06-20,6598
2012-06-21,6575
2012-06-22,5688
2012-06-23,5000
2012-06-24,5809
2012-06-25,7853
2012-06-26,6461
2012-06-27,6822
2012-06-28,6584
2012-06-29,5849
2012-06-30,4914
2012-06-31,0
2012-07-01,5241
2012-07-02,5812
2012-07-03,5994
2012-07-04,6549
2012-07-05,6003
2012-07-06,5365
2012-07-07,4872
2012-07-08,4949
2012-07-09,6213
2012-07-10,6166
2012-07-11,6122
2012-07-12,5981
2012-07-13,5299
2012-07-14,5029
2012-07-15,4917
2012-07-16,6098
2012-07-17,6132
2012-07-18,6147
2012-07-19,5949
2012-07-20,5616
2012-07-21,4480
2012-07-22,4517
2012-07-23,5743
2012-07-24,6338
2012-07-25,6049
2012-07-26,5928
2012-07-27,5194
2012-07-28,4425
2012-07-29,4962
2012-07-30,5782
2012-07-31,5459
2012-08-01,5258
2012-08-02,5469
2012-08-03,4943
2012-08-04,4011
2012-08-05,4718
2012-08-06,4941
2012-08-07,5425
2012-08-08,5353
2012-08-09,5598
2012-08-10,5487
2012-08-11,4364
2012-08-12,4492
2012-08-13,5281
2012-08-14,5907
2012-08-15,5484
2012-08-16,4965
2012-08-17,5001
2012-08-18,4067
2012-08-19,4237
2012-08-20,5696
2012-08-21,6301
2012-08-22,7007
2012-08-23,5966
2012-08-24,5368
2012-08-25,4373
2012-08-26,5064
2012-08-27,5528
2012-08-28,5800
2012-08-29,5815
2012-08-30,5772
2012-08-31,5474
2012-09-01,4515
2012-09-02,4517
2012-09-03,5493
2012-09-04,5987
2012-09-05,5897
2012-09-06,6001
2012-09-07,5942
2012-09-08,6010
2012-09-09,5425
2012-09-10,6533
2012-09-11,7034
2012-09-12,6618
2012-09-13,6759
2012-09-14,5644
2012-09-15,4655
2012-09-16,5262
2012-09-17,6550
2012-09-18,7150
2012-09-19,6419
2012-09-20,6700
2012-09-21,6149
2012-09-22,4672
2012-09-23,5827
2012-09-24,7352
2012-09-25,7421
2012-09-26,6693
2012-09-27,6730
2012-09-28,5866
2012-09-29,4776
2012-09-30,5988
2012-09-31,0
2012-10-01,6842
2012-10-02,7272
2012-10-03,7474
2012-10-04,7183
2012-10-05,6493
2012-10-06,5054
2012-10-07,5562
2012-10-08,7046
2012-10-09,7713
2012-10-10,7468
2012-10-11,7518
2012-10-12,6536
2012-10-13,5434
2012-10-14,6104
2012-10-15,7675
2012-10-16,7312
2012-10-17,7439
2012-10-18,7790
2012-10-19,7674
2012-10-20,6717
2012-10-21,6479
2012-10-22,7270
2012-10-23,8162
2012-10-24,7689
2012-10-25,8101
2012-10-26,6507
2012-10-27,5297
2012-10-28,5729
2012-10-29,8510
2012-10-30,7493
2012-10-31,8052
2012-11-01,7379
2012-11-02,6261
2012-11-03,5364
2012-11-04,6085
2012-11-05,8006
2012-11-06,7982
2012-11-07,7855
2012-11-08,7748
2012-11-09,6935
2012-11-10,5323
2012-11-11,5549
2012-11-12,7561
2012-11-13,7311
2012-11-14,8677
2012-11-15,7601
2012-11-16,6544
2012-11-17,5102
2012-11-18,6959
2012-11-19,7132
2012-11-20,7298
2012-11-21,6715
2012-11-22,6933
2012-11-23,6359
2012-11-24,5318
2012-11-25,5741
2012-11-26,7921
2012-11-27,8378
2012-11-28,8619
2012-11-29,8350
2012-11-30,7299
2012-11-31,0
2012-12-01,5915
2012-12-02,6201
2012-12-03,7712
2012-12-04,8339
2012-12-05,8555
2012-12-06,7863
2012-12-07,6870
2012-12-08,5118
2012-12-09,5930
2012-12-10,8004
2012-12-11,7640
2012-12-12,7753
2012-12-13,7257
2012-12-14,6203
2012-12-15,4922
2012-12-16,5186
2012-12-17,6593
2012-12-18,6378
2012-12-19,6540
2012-12-20,6390
2012-12-21,5550
2012-12-22,4014
2012-12-23,3985
2012-12-24,4070
2012-12-25,3790
2012-12-26,4701
2012-12-27,4928
2012-12-28,5401
2012-12-29,4588
2012-12-30,4591
2012-12-31,4561
2013-01-01,4293
2013-01-02,6020
2013-01-03,5886
2013-01-04,6297
2013-01-05,4966
2013-01-06,5645
2013-01-07,7496
2013-01-08,7119
2013-01-09,7511
2013-01-10,7271
2013-01-11,6847
2013-01-12,5412
2013-01-13,5647
2013-01-14,7562
2013-01-15,7778
2013-01-16,7113
2013-01-17,7355
2013-01-18,6733
2013-01-19,5263
2013-01-20,5660
2013-01-21,7124
2013-01-22,7697
2013-01-23,7268
2013-01-24,7407
2013-01-25,6719
2013-01-26,5423
2013-01-27,6117
2013-01-28,7110
2013-01-29,7427
2013-01-30,7375
2013-01-31,7034
2013-02-01,7204
2013-02-02,5298
2013-02-03,6118
2013-02-04,9059
2013-02-05,7896
2013-02-06,7478
2013-02-07,7778
2013-02-08,6830
2013-02-09,5269
2013-02-10,5767
2013-02-11,7769
2013-02-12,7526
2013-02-13,7054
2013-02-14,7054
2013-02-15,6189
2013-02-16,5353
2013-02-17,5715
2013-02-18,6698
2013-02-19,7283
2013-02-20,8000
2013-02-21,7512
2013-02-22,6788
2013-02-23,5526
2013-02-24,6066
2013-02-25,7429
2013-02-26,8145
2013-02-27,7516
2013-02-28,7737
2013-02-29,0
2013-02-30,0
2013-02-31,0
2013-03-01,7232
2013-03-02,5707
2013-03-03,6027
2013-03-04,7902
2013-03-05,7610
2013-03-06,8552
2013-03-07,7965
2013-03-08,6951
2013-03-09,5413
2013-03-10,6000
2013-03-11,7494
2013-03-12,8218
2013-03-13,7169
2013-03-14,7184
2013-03-15,6500
2013-03-16,5837
2013-03-17,5644
2013-03-18,7563
2013-03-19,7452
2013-03-20,7428
2013-03-21,7624
2013-03-22,6575
2013-03-23,6362
2013-03-24,6869
2013-03-25,8315
2013-03-26,7870
2013-03-27,7373
2013-03-28,5627
2013-03-29,3637
2013-03-30,2350
2013-03-31,2067
2013-04-01,2762
2013-04-02,2634
2013-04-03,3209
2013-04-04,3002
2013-04-05,2668
2013-04-06,2331
2013-04-07,2820
2013-04-08,3496
2013-04-09,3068
2013-04-10,2725
2013-04-11,3075
2013-04-12,2487
2013-04-13,2033
2013-04-14,2178
2013-04-15,2896
2013-04-16,2949
2013-04-17,3023
2013-04-18,2967
2013-04-19,2658
2013-04-20,2341
2013-04-21,2483
2013-04-22,2853
2013-04-23,2969
2013-04-24,3731
2013-04-25,3261
2013-04-26,2962
2013-04-27,2199
2013-04-28,2547
2013-04-29,3205
2013-04-30,3255
2013-04-31,0
2013-05-01,2932
2013-05-02,2989
2013-05-03,2709
2013-05-04,2110
2013-05-05,2354
2013-05-06,2610
2013-05-07,2771
2013-05-08,2700
2013-05-09,2447
2013-05-10,2395
2013-05-11,1858
2013-05-12,2119
2013-05-13,2891
2013-05-14,4112
2013-05-15,8568
2013-05-16,8308
2013-05-17,6628
2013-05-18,5300
2013-05-19,6156
2013-05-20,7611
2013-05-21,8523
2013-05-22,7870
2013-05-23,8011
2013-05-24,6549
2013-05-25,5079
2013-05-26,5744
2013-05-27,7618
2013-05-28,7575
2013-05-29,7548
2013-05-30,7785
2013-05-31,6618
2013-06-01,4857
2013-06-02,5816
2013-06-03,7825
2013-06-04,7061
2013-06-05,7341
2013-06-06,7136
2013-06-07,6428
2013-06-08,5009
2013-06-09,5714
2013-06-10,7345
2013-06-11,7277
2013-06-12,7559
2013-06-13,6893
2013-06-14,6120
2013-06-15,5058
2013-06-16,5425
2013-06-17,7020
2013-06-18,7050
2013-06-19,7195
2013-06-20,6900
2013-06-21,6236
2013-06-22,5221
2013-06-23,5205
2013-06-24,6758
2013-06-25,7012
2013-06-26,7678
2013-06-27,7661
2013-06-28,6055
2013-06-29,4758
2013-06-30,4917
2013-06-31,0
2013-07-01,6405
2013-07-02,7160
2013-07-03,6375
2013-07-04,5686
2013-07-05,5092
2013-07-06,4497
2013-07-07,5145
2013-07-08,6434
2013-07-09,6631
2013-07-10,6101
2013-07-11,5878
2013-07-12,5706
2013-07-13,5105
2013-07-14,4914
2013-07-15,6295
2013-07-16,6993
2013-07-17,7103
2013-07-18,6700
2013-07-19,5920
2013-07-20,4822
2013-07-21,6518
2013-07-22,6262
2013-07-23,0
2013-07-24,2260
2013-07-25,5934
2013-07-26,5024
2013-07-27,4547
2013-07-28,5009
2013-07-29,5997
2013-07-30,6339
2013-07-31,6017
2013-08-01,5619
2013-08-02,5018
2013-08-03,4335
2013-08-04,4562
2013-08-05,5313
2013-08-06,5659
2013-08-07,5614
2013-08-08,4996
2013-08-09,4993
2013-08-10,4311
2013-08-11,4865
2013-08-12,5369
2013-08-13,5703
2013-08-14,5935
2013-08-15,5803
2013-08-16,5467
2013-08-17,4569
2013-08-18,4593
2013-08-19,5277
2013-08-20,4896
2013-08-21,4840
2013-08-22,4982
2013-08-23,4672
2013-08-24,3793
2013-08-25,3898
2013-08-26,4875
2013-08-27,5155
2013-08-28,5223
2013-08-29,5158
2013-08-30,4526
2013-08-31,3626
2013-09-01,3962
2013-09-02,4982
2013-09-03,5190
2013-09-04,5242
2013-09-05,5093
2013-09-06,4565
2013-09-07,3888
2013-09-08,4314
2013-09-09,5115
2013-09-10,5350
2013-09-11,5627
2013-09-12,5502
2013-09-13,5097
2013-09-14,4373
2013-09-15,4418
2013-09-16,5614
2013-09-17,5417
2013-09-18,5338
2013-09-19,5358
2013-09-20,5278
2013-09-21,4022
2013-09-22,4588
2013-09-23,5507
2013-09-24,5866
2013-09-25,5982
2013-09-26,5610
2013-09-27,5176
2013-09-28,4399
2013-09-29,4842
2013-09-30,5940
2013-09-31,0
2013-10-01,6054
2013-10-02,6398
2013-10-03,5832
2013-10-04,5166
2013-10-05,4302
2013-10-06,4408
2013-10-07,5443
2013-10-08,5480
2013-10-09,5631
2013-10-10,5481
2013-10-11,5328
2013-10-12,4126
2013-10-13,4442
2013-10-14,5330
2013-10-15,5784
2013-10-16,5629
2013-10-17,6060
2013-10-18,5248
2013-10-19,6083
2013-10-20,5101
2013-10-21,5441
2013-10-22,5418
2013-10-23,5738
2013-10-24,5775
2013-10-25,5730
2013-10-26,4294
2013-10-27,4424
2013-10-28,5481
2013-10-29,5942
2013-10-30,5591
2013-10-31,5678
2013-11-01,4689
2013-11-02,3685
2013-11-03,3932
2013-11-04,5310
2013-11-05,5447
2013-11-06,5796
2013-11-07,5733
2013-11-08,4703
2013-11-09,4410
2013-11-10,4593
2013-11-11,5707
2013-11-12,5659
2013-11-13,5751
2013-11-14,5539
2013-11-15,5324
2013-11-16,4653
2013-11-17,4889
2013-11-18,6170
2013-11-19,6148
2013-11-20,5817
2013-11-21,5587
2013-11-22,5247
2013-11-23,4310
2013-11-24,4792
2013-11-25,5997
2013-11-26,5581
2013-11-27,5517
2013-11-28,5119
2013-11-29,4379
2013-11-30,4120
2013-11-31,0
2013-12-01,4404
2013-12-02,5540
2013-12-03,5609
2013-12-04,5878
2013-12-05,5602
2013-12-06,5224
2013-12-07,4246
2013-12-08,4452
2013-12-09,5703
2013-12-10,5898
2013-12-11,5625
2013-12-12,5118
2013-12-13,4703
2013-12-14,3349
2013-12-15,3866
2013-12-16,4805
2013-12-17,4807
2013-12-18,5138
2013-12-19,4312
2013-12-20,3929
2013-12-21,3377
2013-12-22,3306
2013-12-23,3445
2013-12-24,3323
2013-12-25,2749
2013-12-26,3746
2013-12-27,3449
2013-12-28,3466
2013-12-29,3281
2013-12-30,3893
2013-12-31,3439
2014-01-01,3353
2014-01-02,3957
2014-01-03,4351
2014-01-04,3589
2014-01-05,681
2014-01-06,0
2014-01-07,5496
2014-01-08,5305
2014-01-09,5432
2014-01-10,5155
2014-01-11,3784
2014-01-12,4350
2014-01-13,4999
2014-01-14,5339
2014-01-15,5580
2014-01-16,5609
2014-01-17,5085
2014-01-18,4017
2014-01-19,4061
2014-01-20,5587
2014-01-21,5945
2014-01-22,5417
2014-01-23,5806
2014-01-24,5459
2014-01-25,3926
2014-01-26,4505
2014-01-27,5478
2014-01-28,5455
2014-01-29,5377
2014-01-30,5791
2014-01-31,4947
2014-02-01,3902
2014-02-02,4485
2014-02-03,6093
2014-02-04,7681
2014-02-05,6859
2014-02-06,6103
2014-02-07,5074
2014-02-08,5437
2014-02-09,4324
2014-02-10,6348
2014-02-11,5714
2014-02-12,5428
2014-02-13,5105
2014-02-14,4509
2014-02-15,3925
2014-02-16,3922
2014-02-17,5083
2014-02-18,5299
2014-02-19,5188
2014-02-20,5343
2014-02-21,4657
2014-02-22,3750
2014-02-23,4123
2014-02-24,5429
2014-02-25,5324
2014-02-26,5440
2014-02-27,5301
2014-02-28,4696
2014-02-29,0
2014-02-30,0
2014-02-31,0
2014-03-01,3715
2014-03-02,4263
2014-03-03,5351
2014-03-04,15721
2014-03-05,40858
2014-03-06,5529
2014-03-07,5027
2014-03-08,4024
2014-03-09,4326
2014-03-10,5563
2014-03-11,5590
2014-03-12,5553
2014-03-13,5720
2014-03-14,4881
2014-03-15,3785
2014-03-16,5089
2014-03-17,5443
2014-03-18,5467
2014-03-19,5823
2014-03-20,5617
2014-03-21,4778
2014-03-22,3723
2014-03-23,4301
2014-03-24,5833
2014-03-25,6126
2014-03-26,6063
2014-03-27,5499
2014-03-28,4877
2014-03-29,3647
2014-03-30,4232
2014-03-31,5154
2014-04-01,4939
2014-04-02,5212
2014-04-03,5142
2014-04-04,4661
2014-04-05,3586
2014-04-06,3994
2014-04-07,5310
2014-04-08,5206
2014-04-09,5214
2014-04-10,5011
2014-04-11,4338
2014-04-12,3362
2014-04-13,3673
2014-04-14,4987
2014-04-15,4939
2014-04-16,4676
2014-04-17,4324
2014-04-18,3789
2014-04-19,3366
2014-04-20,3508
2014-04-21,4308
2014-04-22,4980
2014-04-23,5251
2014-04-24,4999
2014-04-25,5119
2014-04-26,3937
2014-04-27,4068
2014-04-28,5398
2014-04-29,5619
2014-04-30,5203
2014-04-31,0
2014-05-01,4952
2014-05-02,4806
2014-05-03,3609
2014-05-04,4237
2014-05-05,5533
2014-05-06,5414
2014-05-07,5026
2014-05-08,4929
2014-05-09,4640
2014-05-10,3562
2014-05-11,3720
2014-05-12,74784
2014-05-13,63076
2014-05-14,6097
2014-05-15,5445
2014-05-16,4171
2014-05-17,3312
2014-05-18,3674
2014-05-19,4686
2014-05-20,5202
2014-05-21,5120
2014-05-22,4695
2014-05-23,4359
2014-05-24,3280
2014-05-25,3322
2014-05-26,4015
2014-05-27,4782
2014-05-28,4816
2014-05-29,4515
2014-05-30,3955
2014-05-31,3091
2014-06-01,3355
2014-06-02,4657
2014-06-03,4773
2014-06-04,4402
2014-06-05,4263
2014-06-06,3886
2014-06-07,3304
2014-06-08,3580
2014-06-09,4479
2014-06-10,4684
2014-06-11,4478
2014-06-12,4473
2014-06-13,3883
2014-06-14,3183
2014-06-15,3314
2014-06-16,4471
2014-06-17,4405
2014-06-18,4235
2014-06-19,4103
2014-06-20,4633
2014-06-21,3379
2014-06-22,3376
2014-06-23,4112
2014-06-24,4243
2014-06-25,4222
2014-06-26,3832
2014-06-27,3588
2014-06-28,2754
2014-06-29,3060
2014-06-30,3797
2014-06-31,0
2014-07-01,3720
2014-07-02,3840
2014-07-03,3888
2014-07-04,3255
2014-07-05,2646
2014-07-06,3086
2014-07-07,3663
2014-07-08,3904
2014-07-09,4630
2014-07-10,4868
2014-07-11,4859
2014-07-12,3076
2014-07-13,3005
2014-07-14,3673
2014-07-15,3877
2014-07-16,3913
2014-07-17,3926
2014-07-18,3855
2014-07-19,2851
2014-07-20,4071
2014-07-21,4060
2014-07-22,4059
2014-07-23,3795
2014-07-24,3679
2014-07-25,3274
2014-07-26,2811
2014-07-27,2815
2014-07-28,3587
2014-07-29,3727
2014-07-30,4805
2014-07-31,3636
2014-08-01,3338
2014-08-02,2736
2014-08-03,2898
2014-08-04,3737
2014-08-05,3721
2014-08-06,3810
2014-08-07,3521
2014-08-08,3417
2014-08-09,2938
2014-08-10,3022
2014-08-11,3762
2014-08-12,3998
2014-08-13,3931
2014-08-14,3622
2014-08-15,3517
2014-08-16,2915
2014-08-17,3194
2014-08-18,4301
2014-08-19,4010
2014-08-20,4067
2014-08-21,4186
2014-08-22,3751
2014-08-23,3069
2014-08-24,3349
2014-08-25,3996
2014-08-26,4209
2014-08-27,3827
2014-08-28,0
2014-08-29,3792
2014-08-30,3091
2014-08-31,3407
2014-09-01,3884
2014-09-02,4643
2014-09-03,5054
2014-09-04,4360
2014-09-05,3915
2014-09-06,3386
2014-09-07,3444
2014-09-08,4480
2014-09-09,4422
2014-09-10,4749
2014-09-11,4748
2014-09-12,4300
2014-09-13,3313
2014-09-14,3531
2014-09-15,4783
2014-09-16,4724
2014-09-17,5013
2014-09-18,5362
2014-09-19,4328
2014-09-20,3571
2014-09-21,3653
2014-09-22,4620
2014-09-23,4901
2014-09-24,4684
2014-09-25,4920
2014-09-26,4224
2014-09-27,3679
2014-09-28,4067
2014-09-29,10020
2014-09-30,4919
2014-09-31,0
2014-10-01,6587
2014-10-02,4721
2014-10-03,4136
2014-10-04,4724
2014-10-05,3681
2014-10-06,5380
2014-10-07,5587
2014-10-08,5927
2014-10-09,5472
2014-10-10,5554
2014-10-11,3712
2014-10-12,4288
2014-10-13,5366
2014-10-14,15882
2014-10-15,5397
2014-10-16,6397
2014-10-17,4257
2014-10-18,3377
2014-10-19,3374
2014-10-20,4952
2014-10-21,4914
2014-10-22,4802
2014-10-23,4615
2014-10-24,5626
2014-10-25,3114
2014-10-26,3503
2014-10-27,5091
2014-10-28,6662
2014-10-29,5112
2014-10-30,4760
2014-10-31,3954
2014-11-01,3276
2014-11-02,3585
2014-11-03,5370
2014-11-04,5312
2014-11-05,5669
2014-11-06,4887
2014-11-07,4662
2014-11-08,3326
2014-11-09,3643
2014-11-10,5077
2014-11-11,5323
2014-11-12,5250
2014-11-13,4837
2014-11-14,4508
2014-11-15,4155
2014-11-16,3864
2014-11-17,4924
2014-11-18,4816
2014-11-19,5265
2014-11-20,4820
2014-11-21,3962
2014-11-22,3237
2014-11-23,3313
2014-11-24,4998
2014-11-25,4750
2014-11-26,4224
2014-11-27,3700
2014-11-28,3353
2014-11-29,2933
2014-11-30,10212
2014-11-31,0
2014-12-01,4884
2014-12-02,5020
2014-12-03,4774
2014-12-04,4948
2014-12-05,4194
2014-12-06,3170
2014-12-07,3257
2014-12-08,4716
2014-12-09,5516
2014-12-10,4579
2014-12-11,4195
2014-12-12,3605
2014-12-13,2789
2014-12-14,3063
2014-12-15,3964
2014-12-16,4487
2014-12-17,3371
2014-12-18,3299
2014-12-19,2872
2014-12-20,2529
2014-12-21,2520
2014-12-22,3003
2014-12-23,2783
2014-12-24,2307
2014-12-25,1835
2014-12-26,2124
2014-12-27,2306
2014-12-28,2380
2014-12-29,2704
2014-12-30,2671
2014-12-31,2258
2015-01-01,2141
2015-01-02,3417
2015-01-03,2913
2015-01-04,3371
2015-01-05,4532
2015-01-06,6720
2015-01-07,4157
2015-01-08,3839
2015-01-09,3386
2015-01-10,2745
2015-01-11,3029
2015-01-12,4134
2015-01-13,4053
2015-01-14,3857
2015-01-15,4095
2015-01-16,3632
2015-01-17,2997
2015-01-18,2953
2015-01-19,3871
2015-01-20,4448
2015-01-21,6282
2015-01-22,4463
2015-01-23,3876
2015-01-24,2852
2015-01-25,3294
2015-01-26,4374
2015-01-27,4715
2015-01-28,4231
2015-01-29,4323
2015-01-30,3996
2015-01-31,2339
2015-02-01,3275
2015-02-02,4245
2015-02-03,4860
2015-02-04,5422
2015-02-05,0
2015-02-06,3826
2015-02-07,3039
2015-02-08,3741
2015-02-09,4523
2015-02-10,4587
2015-02-11,4476
2015-02-12,4679
2015-02-13,4580
2015-02-14,2675
2015-02-15,2908
2015-02-16,3893
2015-02-17,3997
2015-02-18,4221
2015-02-19,4133
2015-02-20,3677
2015-02-21,3107
2015-02-22,3173
2015-02-23,4149
2015-02-24,4123
2015-02-25,4173
2015-02-26,4086
2015-02-27,3730
2015-02-28,2884
2015-02-29,0
2015-02-30,0
2015-02-31,0
2015-03-01,3017
2015-03-02,4207
2015-03-03,4062
2015-03-04,4030
2015-03-05,4816
2015-03-06,4124
2015-03-07,3824
2015-03-08,5692
2015-03-09,4053
2015-03-10,4175
2015-03-11,4158
2015-03-12,6751
2015-03-13,3859
2015-03-14,4031
2015-03-15,3557
2015-03-16,3978
2015-03-17,4326
2015-03-18,4160
2015-03-19,4333
2015-03-20,3819
2015-03-21,2802
2015-03-22,2862
2015-03-23,3831
2015-03-24,4331
2015-03-25,4731
2015-03-26,4021
2015-03-27,3995
2015-03-28,2993
2015-03-29,2987
2015-03-30,4075
2015-03-31,4596
