egfr,iressa,lung,month,tar
64,40,1357,200801,47
156,81,2205,200801,133
213,100,2728,200801,118
174,89,2582,200801,108
87,53,1885,200801,72
107,58,2128,200801,57
244,88,2837,200801,120
229,90,3124,200801,144
216,126,3327,200801,127
251,127,3260,200801,150
208,112,3531,200801,145
131,53,2001,200801,97
120,60,2270,200801,71
219,127,3542,200801,160
235,119,3330,200801,167
238,94,3297,200801,166
264,119,3379,200801,147
200,102,3045,200801,164
126,76,1869,200801,97
112,64,2183,200801,70
220,118,3102,200801,146
227,88,3366,200801,140
265,126,3418,200801,148
303,108,3467,200801,146
235,109,2910,200801,124
130,52,2095,200801,87
137,87,2246,200801,89
212,132,3182,200801,179
239,122,3678,200801,149
239,124,3471,200801,158
213,86,3045,200802,127
137,52,1968,200802,63
160,70,2055,200802,68
213,114,3176,200802,160
235,117,3496,200802,143
254,143,3391,200802,139
219,106,3342,200802,141
194,76,3030,200802,104
111,62,2038,200802,70
130,55,2226,200802,90
223,126,3584,200802,141
303,142,3736,200802,166
233,127,3456,200802,159
315,137,3453,200802,172
188,143,2954,200802,142
117,64,1970,200802,95
152,68,2215,200802,84
283,113,3259,200802,140
296,156,3792,200802,157
293,128,3857,200802,159
271,138,3763,200802,158
231,119,3344,200802,138
135,81,2141,200802,97
132,95,2536,200802,102
313,166,3761,200802,182
305,145,4042,200802,169
278,151,3841,200802,165
0,0,0,200802,0
244,134,3185,200802,170
0,0,0,200802,0
0,0,0,200802,0
0,0,0,200803,0
213,126,2582,200803,102
0,0,0,200803,0
0,0,0,200803,0
330,147,4111,200803,197
297,183,4743,200803,306
213,123,3666,200803,183
140,78,2453,200803,107
159,71,2723,200803,100
289,164,4169,200803,182
302,125,4084,200803,196
311,160,4346,200803,200
278,162,4019,200803,180
249,114,3246,200803,177
143,77,2248,200803,101
157,103,2550,200803,106
270,147,3678,200803,177
262,120,3892,200803,172
286,133,3656,200803,170
277,137,3182,200803,202
177,98,2371,200803,97
111,70,1855,200803,95
155,54,1903,200803,62
236,120,3281,200803,144
304,160,3951,200803,181
303,114,3673,200803,136
274,163,3569,200803,193
277,129,3250,200803,139
166,68,2115,200803,78
200,86,2611,200803,86
331,145,3992,200803,180
318,155,3905,200804,167
316,171,4354,200804,192
311,201,3894,200804,188
302,129,3257,200804,163
171,76,2231,200804,95
181,81,2569,200804,97
312,147,4018,200804,189
334,137,4249,200804,159
330,162,4306,200804,178
350,149,4080,200804,155
313,119,3450,200804,145
169,89,2184,200804,106
199,75,2585,200804,91
335,173,3817,200804,189
337,147,4123,200804,176
342,142,3909,200804,200
323,142,4134,200804,171
282,141,3078,200804,122
152,88,2018,200804,100
213,105,2375,200804,85
342,148,3988,200804,187
374,149,4049,200804,179
368,177,3770,200804,241
372,144,3666,200804,216
293,128,3206,200804,151
201,96,2013,200804,122
197,113,4701,200804,94
362,172,4176,200804,199
324,137,4394,200804,168
318,149,4289,200804,160
0,0,0,200804,0
286,128,3772,200805,169
268,133,3546,200805,132
185,79,2118,200805,82
164,100,2481,200805,91
341,142,3912,200805,183
375,204,4340,200805,190
386,140,4256,200805,191
312,157,4167,200805,173
357,125,3829,200805,152
182,79,2208,200805,120
174,68,2473,200805,98
283,131,4159,200805,135
305,166,4150,200805,180
327,181,4255,200805,177
344,148,4221,200805,155
289,126,3418,200805,174
175,104,2285,200805,120
219,90,2498,200805,119
335,162,3827,200805,136
334,157,4437,200805,199
298,175,4301,200805,199
263,196,3840,200805,172
286,94,3358,200805,129
124,95,2120,200805,65
161,82,2258,200805,73
239,127,2946,200805,127
335,192,4017,200805,186
273,188,4207,200805,183
298,181,4107,200805,168
224,141,3390,200805,160
143,99,2391,200805,92
0,0,0,200806,0
0,0,0,200806,0
339,182,4016,200806,240
305,171,3980,200806,216
344,148,3679,200806,208
309,158,3732,200806,173
271,103,3188,200806,148
177,64,2251,200806,90
144,61,2371,200806,105
306,170,3501,200806,187
283,146,3953,200806,166
304,171,3987,200806,166
309,154,3665,200806,167
350,175,2987,200806,158
144,77,2056,200806,97
158,77,2210,200806,68
301,174,3377,200806,180
351,151,3602,200806,197
263,182,3664,200806,186
253,166,3278,200806,237
251,142,2986,200806,178
114,77,2207,200806,88
137,90,2477,200806,89
270,164,3579,200806,235
279,115,3614,200806,188
266,195,3522,200806,234
254,156,3579,200806,192
240,144,2836,200806,188
133,91,2069,200806,91
166,63,2173,200806,89
258,174,4302,200806,220
297,169,3200,200807,258
215,152,3135,200807,214
159,121,2494,200807,154
113,85,1772,200807,87
111,59,1901,200807,85
294,156,2860,200807,223
309,162,2931,200807,210
240,149,2918,200807,194
257,125,3623,200807,174
164,123,2588,200807,147
112,82,2015,200807,83
202,115,2679,200808,196
126,59,1813,200808,79
149,93,2055,200808,100
267,116,2956,200808,190
253,152,2981,200808,218
236,165,3132,200808,212
199,168,2960,200808,186
208,101,2393,200808,135
94,48,1825,200808,62
125,52,1989,200808,95
211,94,2897,200808,174
254,128,2918,200808,199
225,143,2635,200808,158
202,144,2686,200808,162
204,97,2350,200808,125
138,61,1848,200808,77
85,74,1779,200808,68
211,158,2776,200808,193
252,164,2939,200808,252
238,131,2820,200808,186
225,113,3021,200808,173
206,122,2662,200808,162
115,65,1853,200808,71
132,68,1877,200808,72
239,99,3018,200808,202
279,157,3059,200808,203
284,144,3352,200808,203
229,114,3196,200808,158
224,103,2768,200808,135
81,79,1807,200808,73
101,62,2097,200808,94
191,143,2728,200809,134
254,143,2976,200809,185
280,124,3354,200809,180
276,154,3430,200809,205
242,108,2780,200809,169
112,76,2272,200809,78
155,80,2137,200809,87
275,154,3244,200809,165
306,177,3625,200809,180
276,141,3357,200809,162
367,246,3496,200809,211
262,98,3165,200809,149
109,71,2101,200809,82
144,88,2421,200809,104
278,127,3367,200809,170
330,181,3577,200809,168
294,157,3884,200809,183
316,170,3641,200809,187
273,144,3341,200809,177
160,83,2048,200809,104
160,98,2513,200809,88
317,149,4384,200809,196
291,195,3914,200809,225
330,157,3694,200809,208
357,200,3785,200809,206
266,133,3207,200809,197
123,71,4817,200809,82
152,70,3247,200809,53
321,132,4151,200809,91
303,140,3521,200809,80
0,0,0,200809,0
363,152,4266,200810,114
316,147,4014,200810,102
286,136,3515,200810,76
198,63,2314,200810,37
188,80,2573,200810,52
378,269,4116,200810,100
396,246,4337,200810,98
403,270,4223,200810,85
382,162,4326,200810,63
274,129,3618,200810,66
157,91,2280,200810,43
208,103,2675,200810,49
346,169,4096,200810,76
405,172,4854,200810,80
347,155,4851,200810,93
375,149,4536,200810,78
290,117,3844,200810,84
158,81,2465,200810,67
236,104,2929,200810,39
370,175,4578,200810,74
0,0,0,200810,0
0,0,0,200810,0
419,217,4438,200810,95
367,134,3820,200810,115
202,115,2389,200810,137
254,100,2866,200810,131
404,151,4686,200810,218
443,164,4584,200810,253
447,188,4604,200810,233
443,135,4260,200810,222
298,134,3392,200810,182
164,69,2276,200811,81
216,99,2593,200811,107
387,201,4286,200811,192
346,153,4045,200811,199
377,127,3818,200811,151
352,138,4086,200811,213
365,176,3643,200811,195
221,114,2805,200811,151
235,59,3146,200811,145
339,150,4463,200811,233
380,139,4533,200811,211
370,211,4711,200811,246
401,152,4997,200811,231
341,157,4618,200811,209
189,80,3010,200811,105
220,110,3444,200811,124
409,188,5019,200811,233
418,174,4848,200811,231
416,205,4654,200811,246
364,208,4592,200811,189
322,360,3858,200811,215
158,274,2669,200811,111
250,180,2928,200811,115
374,243,4021,200811,156
331,175,4659,200811,195
340,138,3672,200811,192
264,146,2657,200811,131
234,136,2643,200811,114
140,98,2242,200811,118
210,64,2730,200811,108
0,0,0,200811,0
363,209,4335,200812,210
376,187,4437,200812,187
407,218,4588,200812,205
411,166,4418,200812,207
345,138,3831,200812,201
224,105,2342,200812,95
231,111,2433,200812,91
356,171,3262,200812,162
421,159,3975,200812,182
379,162,3950,200812,148
374,158,3603,200812,165
354,97,3207,200812,151
167,85,2068,200812,98
200,101,2365,200812,161
339,152,3454,200812,176
290,139,3382,200812,167
284,141,3459,200812,180
311,167,3268,200812,175
231,159,2814,200812,146
110,55,1761,200812,68
118,75,1772,200812,103
220,99,2458,200812,125
181,103,2089,200812,146
130,71,1590,200812,72
74,39,1172,200812,45
119,71,1644,200812,79
93,58,1630,200812,61
99,62,1718,200812,59
171,109,2161,200812,110
205,94,2235,200812,141
140,112,2060,200812,136
87,54,1519,200901,57
156,109,2096,200901,100
159,81,2167,200901,102
166,82,2105,200901,76
246,140,3473,200901,176
270,172,3455,200901,142
301,172,3640,200901,175
270,139,3816,200901,167
249,83,3580,200901,129
158,107,2634,200901,114
165,88,2872,200901,93
385,128,3865,200901,173
356,169,4218,200901,200
303,156,3981,200901,188
385,150,3889,200901,176
310,161,3705,200901,180
193,73,2534,200901,91
187,121,2755,200901,77
301,156,3550,200901,195
334,176,3820,200901,162
386,148,3774,200901,198
371,188,3797,200901,169
308,115,3426,200901,133
170,79,2369,200901,48
218,75,2451,200901,37
348,152,3630,200901,91
361,132,4560,200901,149
326,170,4164,200901,201
421,143,4177,200901,144
268,123,3690,200901,156
181,81,3254,200901,103
240,76,2813,200902,65
339,174,3748,200902,112
379,199,4193,200902,127
362,140,4483,200902,111
398,150,4403,200902,196
338,157,3703,200902,203
212,81,2833,200902,72
260,106,2988,200902,43
377,199,4285,200902,174
498,180,4265,200902,239
318,171,4471,200902,183
328,173,3996,200902,175
315,144,3459,200902,156
219,75,2257,200902,97
216,79,2668,200902,75
373,147,3580,200902,146
440,194,4170,200902,207
408,149,3937,200902,208
427,198,4323,200902,212
349,164,3801,200902,204
216,104,2623,200902,113
264,131,3067,200902,109
405,157,4599,200902,214
457,181,4507,200902,208
452,172,4708,200902,198
448,166,4604,200902,234
403,145,3940,200902,227
199,83,2558,200902,112
0,0,0,200902,0
0,0,0,200902,0
0,0,0,200902,0
250,96,3086,200903,103
428,180,4287,200903,232
465,144,4113,200903,258
465,178,4629,200903,218
439,175,4485,200903,185
341,159,4181,200903,202
208,89,2735,200903,122
252,88,3097,200903,140
449,166,4415,200903,180
433,179,4593,200903,200
460,182,4691,200903,213
460,223,4644,200903,242
345,185,3858,200903,241
254,98,2830,200903,127
274,121,3465,200903,132
491,192,4876,200903,242
443,161,4615,200903,225
441,188,4644,200903,216
440,188,4568,200903,193
357,126,4010,200903,141
178,93,2513,200903,62
309,107,3265,200903,73
420,200,4468,200903,251
519,179,4375,200903,215
493,199,4393,200903,222
419,205,4082,200903,225
380,169,3609,200903,210
201,95,2589,200903,97
270,95,2911,200903,88
444,155,4363,200903,203
407,183,4454,200903,249
468,156,4471,200904,223
451,162,4138,200904,234
415,163,3914,200904,225
200,98,2574,200904,116
241,103,2577,200904,113
429,211,4566,200904,284
440,181,4538,200904,203
447,157,4350,200904,237
443,178,3680,200904,230
348,121,2919,200904,173
219,77,2301,200904,105
219,83,2234,200904,105
349,144,3458,200904,193
386,171,3964,200904,214
428,188,4030,200904,202
451,148,3833,200904,195
418,162,3369,200904,129
223,91,2441,200904,105
280,73,2834,200904,79
415,166,3881,200904,208
475,132,4269,200904,169
465,157,3825,200904,91
405,174,3865,200904,72
423,284,3711,200904,68
272,103,2294,200904,41
308,102,2805,200904,72
431,191,4116,200904,192
433,202,4066,200904,201
408,160,4379,200904,209
411,162,3925,200904,140
0,0,0,200904,0
359,154,3714,200905,94
215,90,2360,200905,37
254,79,2634,200905,45
403,177,3905,200905,105
496,161,3992,200905,172
501,153,4131,200905,178
474,142,4239,200905,190
349,156,3486,200905,172
219,88,2375,200905,107
292,97,2562,200905,107
408,174,3942,200905,110
460,191,4246,200905,93
556,207,4647,200905,143
492,219,4648,200905,177
434,194,4154,200905,159
223,113,2613,200905,112
262,174,2875,200905,129
581,205,4366,200905,145
455,209,4186,200905,125
456,192,4051,200905,105
420,179,3882,200905,86
375,136,3660,200905,66
254,95,2402,200905,40
214,83,2426,200905,38
338,131,3149,200905,65
447,196,4191,200905,105
450,197,4022,200905,76
443,168,3837,200905,103
347,167,3382,200905,103
219,77,2453,200905,48
246,104,2537,200905,43
398,177,3764,200906,82
427,195,3590,200906,109
437,184,3419,200906,83
450,168,3308,200906,103
370,176,3020,200906,113
203,103,2039,200906,49
184,107,2291,200906,79
427,184,3395,200906,296
420,203,3724,200906,214
467,183,3596,200906,167
406,156,3322,200906,92
356,136,2756,200906,69
176,63,1951,200906,68
211,72,2298,200906,73
407,183,3384,200906,244
456,207,3362,200906,252
504,194,3277,200906,281
387,174,3127,200906,239
292,176,2482,200906,214
183,88,1856,200906,118
184,79,2172,200906,108
425,159,3217,200906,272
439,161,3127,200906,264
397,162,3153,200906,199
345,153,3211,200906,74
359,136,2951,200906,81
184,70,2049,200906,39
201,89,2140,200906,56
391,180,3056,200906,84
385,167,3136,200906,101
0,0,0,200906,0
358,150,3145,200907,131
360,189,2804,200907,218
231,120,2406,200907,138
140,66,1820,200907,94
150,67,1921,200907,106
352,144,3033,200907,192
385,184,3034,200907,222
402,177,3048,200907,219
378,186,2935,200907,185
299,140,2617,200907,198
194,73,1971,200907,103
173,78,1982,200907,103
408,191,3123,200907,267
360,194,3132,200907,285
353,171,3234,200907,234
385,154,2970,200907,194
270,183,2443,200907,187
162,88,2126,200907,73
157,79,2147,200907,100
402,197,3172,200907,189
371,201,3362,200907,209
358,197,3115,200907,236
344,193,3226,200907,277
326,181,2722,200907,191
176,81,1992,200907,101
170,68,2097,200907,105
307,161,2966,200907,192
356,172,3022,200907,201
413,170,3038,200907,200
330,140,3037,200907,211
295,130,2828,200907,179
181,67,2045,200908,102
177,103,2264,200908,139
319,145,3035,200908,239
396,142,2883,200908,231
380,199,3227,200908,221
395,168,2892,200908,253
311,161,2566,200908,204
145,73,1801,200908,97
192,87,2149,200908,103
362,188,2874,200908,254
375,189,2917,200908,261
425,168,3247,200908,246
359,135,2921,200908,201
317,161,2682,200908,224
149,110,1873,200908,117
169,150,1966,200908,99
347,185,2926,200908,224
336,146,3078,200908,235
416,214,2982,200908,235
396,336,2743,200908,301
335,207,2733,200908,240
147,93,1942,200908,90
219,87,1946,200908,117
402,237,2999,200908,222
417,219,3231,200908,276
410,196,3353,200908,245
349,221,3589,200908,234
323,153,2760,200908,180
177,83,2603,200908,118
182,94,2539,200908,127
385,172,3503,200908,191
350,201,3411,200909,228
424,236,3315,200909,267
419,304,3561,200909,259
329,190,2925,200909,191
190,125,2180,200909,114
206,130,2224,200909,133
340,185,2810,200909,148
424,196,3327,200909,231
432,218,3346,200909,248
410,232,3317,200909,223
364,184,2797,200909,202
259,96,2255,200909,109
285,131,2467,200909,132
435,228,3380,200909,275
499,240,4767,200909,276
482,230,3736,200909,249
482,245,3401,200909,250
390,194,3152,200909,216
194,86,2141,200909,108
197,109,2331,200909,116
384,202,3382,200909,246
477,200,3564,200909,241
0,0,0,200909,0
463,225,3209,200909,268
0,0,0,200909,0
0,0,0,200909,0
0,0,0,200909,0
434,182,3453,200909,220
465,189,3742,200909,243
452,180,3407,200909,239
444,190,3382,200910,219
447,149,3057,200910,214
219,110,2349,200910,114
273,161,2665,200910,144
428,209,3592,200910,216
443,202,3491,200910,227
535,225,4163,200910,239
541,220,4266,200910,252
451,164,3335,200910,214
281,94,2876,200910,95
338,111,2688,200910,123
489,229,3687,200910,258
562,190,4111,200910,273
0,0,0,200910,0
0,0,0,200910,0
0,0,0,200910,0
230,113,2312,200910,137
278,141,2609,200910,152
487,237,3726,200910,248
497,218,3766,200910,225
523,204,4232,200910,239
511,204,4188,200910,291
459,168,3567,200910,268
329,130,2571,200910,182
328,162,2796,200910,180
508,232,4006,200910,304
534,190,4020,200910,244
541,207,4010,200910,307
567,180,3870,200910,277
548,172,3341,200910,245
241,97,2292,200910,126
225,110,2299,200911,126
445,149,3348,200911,219
499,244,3969,200911,289
590,222,4219,200911,261
587,224,4067,200911,280
516,200,3680,200911,211
239,104,2304,200911,112
354,106,3022,200911,129
482,211,4135,200911,266
529,224,4660,200911,269
519,250,4052,200911,271
509,287,3912,200911,280
454,195,3542,200911,261
300,122,2544,200911,175
0,0,0,200911,0
540,216,4099,200911,270
479,173,3648,200911,245
482,173,3595,200911,242
452,252,3592,200911,236
442,184,3420,200911,203
256,109,2361,200911,123
0,0,0,200911,0
411,172,3460,200911,188
391,213,3309,200911,221
378,178,3258,200911,213
334,135,2657,200911,176
305,157,2640,200911,144
241,112,2139,200911,109
251,128,2441,200911,124
440,194,3684,200911,194
0,0,0,200911,0
432,202,3486,200912,230
416,195,3442,200912,198
518,167,3695,200912,221
420,160,3499,200912,209
295,109,2344,200912,118
291,135,2357,200912,106
469,208,3415,200912,259
426,213,3615,200912,185
405,210,3685,200912,274
430,223,3497,200912,244
367,195,3257,200912,202
287,108,2425,200912,144
310,113,2217,200912,117
446,158,3073,200912,222
421,172,3084,200912,248
418,200,3402,200912,236
462,215,3444,200912,268
442,163,2850,200912,196
202,106,2129,200912,106
202,91,1915,200912,133
331,188,2611,200912,216
292,152,2694,200912,239
287,125,2305,200912,176
153,100,1686,200912,134
124,81,1311,200912,113
138,80,1506,200912,99
155,68,1740,200912,108
237,114,2372,200912,147
244,126,2461,200912,162
258,129,2454,200912,209
215,91,2163,200912,154
121,100,1819,201001,86
163,69,1969,201001,107
166,71,2070,201001,99
281,133,2604,201001,189
349,154,2992,201001,210
384,168,3271,201001,222
430,208,3654,201001,264
349,153,3337,201001,223
271,130,2726,201001,164
221,132,2355,201001,182
377,256,3762,201001,293
404,235,3680,201001,251
429,222,3722,201001,267
414,200,3470,201001,276
435,175,3410,201001,250
241,136,2614,201001,138
326,132,2672,201001,179
459,208,3479,201001,267
433,199,3769,201001,266
451,208,3531,201001,243
472,184,3632,201001,239
454,190,3519,201001,239
0,0,0,201001,0
0,0,0,201001,0
401,219,3944,201001,238
457,179,3524,201001,215
458,182,3672,201001,289
447,190,3583,201001,243
366,177,2886,201001,249
302,150,2441,201001,135
244,172,2735,201001,142
456,264,3585,201002,246
480,197,3695,201002,278
483,236,3812,201002,272
534,183,4254,201002,244
435,189,3607,201002,220
254,125,2643,201002,151
311,141,2978,201002,164
0,0,0,201002,0
498,237,3766,201002,223
443,177,3569,201002,222
535,147,3673,201002,219
440,180,3128,201002,214
218,90,2355,201002,142
256,91,2259,201002,124
400,147,3245,201002,198
387,175,3303,201002,248
463,225,3521,201002,237
496,219,3785,201002,260
423,205,3052,201002,202
272,112,2414,201002,160
368,109,2827,201002,128
561,249,3842,201002,249
520,174,0,201002,258
436,186,3648,201002,251
418,150,3348,201002,211
383,166,3166,201002,192
268,114,2491,201002,129
294,102,2526,201002,134
0,0,0,201002,0
0,0,0,201002,0
0,0,0,201002,0
405,234,3483,201003,282
492,222,3615,201003,328
508,205,3716,201003,280
509,225,3755,201003,255
447,196,3610,201003,243
253,98,2529,201003,121
271,132,2650,201003,138
442,230,3497,201003,230
495,187,3811,201003,236
475,224,3829,201003,296
424,200,3861,201003,254
435,211,3631,201003,244
302,174,2847,201003,187
267,146,2910,201003,163
489,250,3613,201003,239
464,234,3853,201003,218
496,221,3943,201003,279
508,237,4073,201003,233
435,251,4210,201003,341
281,162,2871,201003,142
329,109,2757,201003,138
438,233,3542,201003,185
474,205,3582,201003,236
441,212,3708,201003,295
507,248,3625,201003,278
455,249,3422,201003,213
276,122,2846,201003,143
253,111,2488,201003,133
405,175,3229,201003,233
478,237,3128,201003,291
403,268,3320,201003,314
559,211,3122,201004,249
329,186,2533,201004,216
197,116,2184,201004,168
234,99,2339,201004,120
376,120,2868,201004,192
390,155,2988,201004,202
513,176,3324,201004,280
463,219,3589,201004,287
415,183,3253,201004,236
252,103,2388,201004,167
285,103,2548,201004,161
533,180,3289,201004,232
461,193,3729,201004,265
481,170,3663,201004,229
434,196,4060,201004,277
461,206,4116,201004,268
300,120,2922,201004,177
342,136,2867,201004,218
521,203,3740,201004,323
515,209,4035,201004,311
534,246,4079,201004,298
565,172,3951,201004,312
505,199,3892,201004,295
350,125,2759,201004,150
360,113,2816,201004,160
592,202,3988,201004,300
613,213,4312,201004,305
621,234,4038,201004,273
553,230,4820,201004,304
481,196,3984,201004,280
0,0,0,201004,0
326,121,2762,201005,145
318,133,2967,201005,156
510,210,4042,201005,266
584,199,4360,201005,281
515,208,4266,201005,288
538,226,4252,201005,278
481,177,3881,201005,264
284,103,2570,201005,150
265,144,2723,201005,157
534,205,4018,201005,271
554,209,3831,201005,269
517,195,3880,201005,251
410,159,3191,201005,203
391,183,3162,201005,230
302,86,2643,201005,160
254,96,2751,201005,150
445,187,3746,201005,286
383,151,3360,201005,263
382,144,2962,201005,215
442,248,3809,201005,299
409,233,3459,201005,256
244,130,2700,201005,147
280,148,2583,201005,175
410,170,3367,201005,253
494,201,3764,201005,291
445,194,3928,201005,280
407,166,3537,201005,243
303,147,2740,201005,177
243,115,2526,201005,145
253,79,2352,201005,136
290,148,2898,201005,172
356,183,3237,201006,241
435,183,3682,201006,277
451,140,3601,201006,263
440,208,3293,201006,228
229,133,2785,201006,189
282,107,2662,201006,188
449,182,3568,201006,291
447,181,3418,201006,419
425,175,3387,201006,272
434,168,3144,201006,240
233,122,1946,201006,166
54,26,493,201006,27
36,21,458,201006,36
102,30,524,201006,50
209,96,1509,201006,146
287,145,2219,201006,178
432,166,3145,201006,276
350,161,2614,201006,249
248,93,2367,201006,153
219,81,2348,201006,115
361,172,3077,201006,269
373,183,3172,201006,222
429,160,2944,201006,205
306,207,2591,201006,202
287,172,2391,201006,176
0,0,0,201006,0
62,19,724,201006,36
0,0,0,201006,0
368,214,2847,201006,226
356,171,2939,201006,205
0,0,0,201006,0
314,148,2762,201007,236
293,184,2695,201007,181
184,94,1893,201007,95
145,95,1792,201007,90
0,0,0,201007,0
292,154,2398,201007,175
0,0,0,201007,0
0,0,0,201007,0
0,0,0,201007,0
0,0,0,201007,0
150,91,1929,201007,123
317,142,2282,201007,220
337,151,2623,201007,228
333,123,2667,201007,194
297,136,2612,201007,196
294,154,2550,201007,185
174,84,2059,201007,120
158,77,2161,201007,105
326,131,2652,201007,186
320,116,2750,201007,163
307,150,2841,201007,196
398,146,3428,201007,254
424,165,3363,201007,297
218,94,2707,201007,138
214,69,2830,201007,133
505,191,4006,201007,288
482,170,4076,201007,334
467,201,4091,201007,282
477,208,4081,201007,303
411,153,3404,201007,236
227,102,2680,201007,134
200,87,2745,201008,134
400,187,3765,201008,279
459,174,4266,201008,293
463,180,4186,201008,270
461,178,4083,201008,331
396,152,3615,201008,268
204,77,2722,201008,161
208,94,2754,201008,116
396,147,4454,201008,257
514,204,4166,201008,322
453,168,4108,201008,294
480,218,4013,201008,319
416,174,3612,201008,213
196,93,2787,201008,147
220,86,2963,201008,179
439,181,3809,201008,242
540,228,4296,201008,304
491,252,4099,201008,282
414,170,3879,201008,276
459,168,3469,201008,273
262,109,2720,201008,164
232,129,3043,201008,142
495,177,3863,201008,229
555,236,4156,201008,338
505,224,3903,201008,326
514,213,4141,201008,308
365,138,3470,201008,242
240,99,2703,201008,159
221,104,2832,201008,137
457,217,4033,201008,302
459,188,4154,201008,305
525,230,4780,201009,289
497,188,4482,201009,369
510,188,4049,201009,317
261,91,2832,201009,142
265,100,2732,201009,146
403,182,3807,201009,257
539,210,4394,201009,263
502,230,4417,201009,407
457,199,4181,201009,335
506,162,3828,201009,282
262,93,2800,201009,192
325,112,3263,201009,183
539,246,4671,201009,319
613,267,4970,201009,389
671,254,4852,201009,419
654,238,4623,201009,402
531,200,4089,201009,264
329,109,3021,201009,169
346,133,3272,201009,186
583,222,4405,201009,283
620,258,5068,201009,353
611,213,4627,201009,317
567,245,4613,201009,308
481,179,4213,201009,273
291,131,2860,201009,149
329,129,3385,201009,184
542,247,4700,201009,335
556,201,5239,201009,321
626,220,5058,201009,329
646,239,4975,201009,319
0,0,0,201009,0
533,182,4238,201010,293
303,133,3039,201010,172
349,123,3276,201010,172
594,220,4676,201010,304
740,238,5000,201010,313
677,232,4836,201010,329
645,248,4911,201010,333
666,196,4211,201010,278
325,113,3013,201010,154
373,110,3077,201010,163
701,224,4697,201010,334
754,318,5208,201010,341
740,261,4834,201010,376
720,257,5002,201010,314
552,202,4316,201010,235
281,131,3217,201010,164
398,120,3432,201010,159
680,233,4859,201010,309
603,279,5289,201010,337
633,241,5717,201010,330
650,282,4993,201010,377
561,195,4460,201010,327
337,119,3079,201010,184
393,150,3377,201010,192
787,272,4937,201010,399
759,265,5262,201010,376
711,272,4933,201010,384
767,266,8539,201010,344
553,184,4172,201010,252
275,120,2910,201010,175
358,138,3235,201010,214
673,265,4771,201011,302
679,233,4913,201011,332
648,244,4685,201011,355
641,231,5430,201011,326
593,198,7125,201011,307
307,110,3072,201011,145
392,149,3611,201011,168
619,234,4836,201011,312
717,225,4973,201011,290
607,236,5137,201011,369
667,246,4810,201011,310
575,212,4403,201011,304
346,112,2955,201011,147
359,126,2959,201011,157
600,219,4443,201011,277
647,307,4630,201011,360
729,266,4771,201011,315
761,279,5054,201011,304
607,223,4205,201011,272
310,130,3802,201011,173
347,151,3216,201011,182
626,236,4719,201011,357
672,259,4927,201011,365
518,237,4423,201011,349
454,170,3777,201011,247
384,176,3326,201011,225
335,106,3163,201011,165
351,119,3599,201011,201
601,265,5185,201011,298
678,326,5421,201011,350
0,0,0,201011,0
742,219,5200,201012,352
617,212,5353,201012,336
575,174,4609,201012,319
347,132,3238,201012,217
417,148,3489,201012,225
652,307,4703,201012,370
635,218,5203,201012,304
712,245,5502,201012,337
652,270,5019,201012,379
626,241,4321,201012,292
381,169,3051,201012,189
359,134,3324,201012,176
630,241,4895,201012,316
706,289,4838,201012,292
647,233,4256,201012,340
607,218,4192,201012,299
447,170,3506,201012,258
307,125,2603,201012,167
266,101,2715,201012,150
432,208,3534,201012,259
419,178,3404,201012,255
425,168,3289,201012,256
354,147,3318,201012,237
221,104,2315,201012,153
127,97,1783,201012,102
159,98,2159,201012,141
254,128,2716,201012,195
332,196,2908,201012,247
340,178,3290,201012,252
346,151,3271,201012,254
218,116,2580,201012,176
163,73,2266,201101,152
254,93,2967,201101,148
412,262,3738,201101,250
453,252,3862,201101,300
485,247,4645,201101,319
578,263,4634,201101,322
525,301,4452,201101,329
306,124,3037,201101,194
302,144,3374,201101,338
532,252,4234,201101,508
612,285,4829,201101,441
603,331,4674,201101,394
634,313,4618,201101,364
608,278,4309,201101,348
307,165,3079,201101,169
426,162,3840,201101,166
584,258,4672,201101,305
642,249,5114,201101,394
706,308,5677,201101,355
655,283,5078,201101,341
538,216,4140,201101,265
339,140,3211,201101,188
357,163,3528,201101,209
619,293,6540,201101,311
654,253,4660,201101,306
612,251,4935,201101,311
622,231,4324,201101,314
483,252,4047,201101,283
294,145,3066,201101,202
286,111,3227,201101,195
540,240,4769,201101,378
558,219,4502,201102,382
607,193,4320,201102,365
558,194,4384,201102,329
525,220,3865,201102,315
305,112,2686,201102,209
331,129,3299,201102,185
546,249,4370,201102,333
592,265,4607,201102,335
572,182,4518,201102,342
581,258,4596,201102,367
517,191,3886,201102,240
330,130,2891,201102,167
362,128,3029,201102,165
652,254,4294,201102,292
625,231,4394,201102,321
644,271,4679,201102,385
677,312,4443,201102,299
516,247,3735,201102,257
304,103,2723,201102,169
343,134,2987,201102,174
561,219,4052,201102,277
694,231,4464,201102,341
666,229,4541,201102,333
691,232,4480,201102,332
526,229,4136,201102,271
279,136,3011,201102,207
360,142,3352,201102,176
660,219,5229,201102,337
0,0,0,201102,0
0,0,0,201102,0
0,0,0,201102,0
670,237,4984,201103,326
688,251,5091,201103,343
647,228,4844,201103,292
574,233,4244,201103,260
349,120,3196,201103,167
424,139,3411,201103,152
678,223,5006,201103,296
674,225,4860,201103,304
654,209,5004,201103,320
678,257,5112,201103,380
544,183,3860,201103,298
351,177,2719,201103,179
411,163,3279,201103,172
636,216,4488,201103,271
684,235,4515,201103,279
607,226,4670,201103,342
614,283,4516,201103,302
539,210,3980,201103,262
322,118,2801,201103,146
345,123,2854,201103,148
662,204,4432,201103,294
670,216,4436,201103,296
659,311,4742,201103,310
694,253,4767,201103,307
619,165,3987,201103,288
304,88,2985,201103,160
327,124,3057,201103,155
680,241,4727,201103,358
655,227,4666,201103,284
666,240,4774,201103,313
593,287,4467,201103,325
587,171,3925,201104,238
273,125,2674,201104,149
367,143,3012,201104,192
643,208,4436,201104,267
697,258,4677,201104,362
753,192,4529,201104,305
736,238,4311,201104,332
593,206,3989,201104,281
317,134,2521,201104,146
429,150,2901,201104,190
713,240,4517,201104,292
731,237,4557,201104,307
667,214,4576,201104,350
651,241,4509,201104,314
505,192,3825,201104,233
356,127,2658,201104,163
324,109,2728,201104,140
641,204,4272,201104,269
761,259,4193,201104,302
665,246,4281,201104,335
530,229,4475,201104,294
459,179,3466,201104,242
334,136,2711,201104,147
316,97,2448,201104,138
628,193,3731,201104,269
908,251,4427,201104,317
880,257,4467,201104,344
701,253,4436,201104,309
536,181,3609,201104,236
327,103,2521,201104,157
0,0,0,201104,0
418,137,3005,201105,176
611,225,4068,201105,297
611,260,4416,201105,300
737,274,4669,201105,339
668,232,4695,201105,281
535,211,4121,201105,292
356,109,2712,201105,137
419,138,3095,201105,193
660,246,4433,201105,314
684,266,4680,201105,328
696,270,4650,201105,359
634,261,4608,201105,329
599,231,4058,201105,291
359,153,2873,201105,172
408,139,3092,201105,161
668,269,4560,201105,366
666,221,4850,201105,348
627,258,4849,201105,320
696,266,4498,201105,366
597,205,4169,201105,250
343,105,2549,201105,162
411,134,3106,201105,179
734,226,4659,201105,324
611,241,4547,201105,320
621,232,4377,201105,311
545,221,4419,201105,342
446,173,3721,201105,210
283,121,2739,201105,137
294,153,3075,201105,175
472,168,3713,201105,215
561,214,4798,201105,290
620,223,5071,201106,287
525,202,4479,201106,248
561,183,3642,201106,309
278,117,2899,201106,184
309,111,2970,201106,229
614,218,4142,201106,346
614,247,4086,201106,317
587,245,4009,201106,343
578,216,3982,201106,306
544,179,3682,201106,261
268,108,2626,201106,183
322,117,2582,201106,140
574,192,4022,201106,260
501,201,3443,201106,289
710,225,4241,201106,345
665,193,3857,201106,314
549,168,3316,201106,270
233,117,2477,201106,144
309,135,2904,201106,178
545,215,3887,201106,335
588,198,4169,201106,402
637,220,4210,201106,330
603,204,3992,201106,280
484,175,3350,201106,257
251,98,2531,201106,139
276,122,2707,201106,133
513,239,3550,201106,293
554,194,4005,201106,303
525,244,3845,201106,360
528,197,3966,201106,309
0,0,0,201106,0
427,187,3288,201107,258
219,94,2480,201107,128
216,69,2302,201107,148
421,187,2944,201107,218
469,187,3373,201107,283
559,186,3723,201107,351
506,245,3460,201107,346
453,157,3263,201107,254
235,94,2368,201107,135
254,75,2509,201107,151
457,218,3631,201107,257
597,211,3989,201107,318
484,198,3611,201107,287
518,222,3599,201107,279
469,162,3113,201107,264
254,97,2395,201107,133
253,98,2491,201107,144
551,199,3713,201107,317
593,208,3619,201107,313
552,261,3561,201107,338
498,207,3402,201107,293
489,197,3122,201107,429
241,112,2606,201107,162
250,123,2556,201107,188
490,182,3616,201107,317
593,222,3708,201107,343
523,209,3844,201107,372
528,228,3887,201107,328
460,200,3293,201107,333
266,82,2549,201107,141
245,88,2753,201107,146
463,199,3353,201108,299
561,173,3730,201108,295
525,231,3821,201108,334
541,203,3879,201108,356
500,179,3510,201108,272
286,99,2793,201108,159
272,83,2852,201108,167
533,188,3533,201108,314
540,198,3821,201108,352
554,233,3689,201108,314
462,230,3674,201108,286
440,183,3106,201108,296
207,105,2625,201108,163
291,111,2694,201108,154
415,151,3123,201108,263
533,222,3466,201108,285
477,191,3475,201108,258
437,173,3424,201108,240
510,186,3665,201108,240
235,103,2506,201108,151
237,96,2471,201108,169
458,223,3413,201108,273
504,181,3353,201108,312
472,190,3284,201108,274
497,182,3197,201108,270
467,182,3128,201108,246
269,91,2458,201108,138
212,112,2375,201108,144
426,146,2764,201108,233
498,171,3255,201108,266
483,192,3354,201108,294
507,168,3018,201109,328
0,0,0,201109,0
226,80,2210,201109,150
276,95,2382,201109,152
380,135,2513,201109,214
447,219,2964,201109,300
510,186,3107,201109,296
489,207,3316,201109,244
443,199,3200,201109,278
291,104,2469,201109,160
295,95,2255,201109,134
457,159,3139,201109,275
532,177,3304,201109,303
518,218,3593,201109,282
548,176,3860,201109,309
538,170,3324,201109,224
319,128,2725,201109,144
291,107,2653,201109,151
597,189,3447,201109,280
561,200,3584,201109,304
521,159,3387,201109,264
568,216,3771,201109,281
491,164,3211,201109,261
331,120,2780,201109,173
318,107,2681,201109,144
580,195,3539,201109,302
605,235,3405,201109,297
540,177,3361,201109,267
588,212,3755,201109,275
481,180,3508,201109,278
0,0,0,201109,0
356,108,2892,201110,193
384,112,2763,201110,167
566,200,4026,201110,282
669,220,4056,201110,290
716,219,4096,201110,389
741,258,4706,201110,351
655,193,4128,201110,392
309,117,2928,201110,154
361,122,3489,201110,163
604,197,4118,201110,302
582,263,4585,201110,341
689,214,4242,201110,322
718,240,4453,201110,327
607,204,4108,201110,349
308,108,2726,201110,225
382,119,2846,201110,180
675,210,4285,201110,287
695,223,4534,201110,305
719,223,4364,201110,293
666,0,0,201110,324
624,209,3784,201110,312
327,108,2394,201110,137
395,106,2727,201110,177
652,231,3902,201110,318
632,182,4337,201110,278
830,243,5069,201110,358
709,253,4677,201110,350
574,163,3690,201110,257
371,124,2772,201110,185
366,127,2942,201110,183
649,228,4467,201110,315
695,230,4703,201111,333
831,220,5478,201111,395
686,321,4742,201111,331
650,473,4339,201111,385
403,193,2808,201111,188
507,216,3218,201111,205
753,283,4522,201111,347
801,273,4968,201111,411
894,292,5510,201111,416
845,302,5044,201111,396
594,220,3845,201111,317
396,117,2953,201111,206
497,136,3789,201111,205
784,226,5149,201111,355
851,292,4993,201111,387
831,247,4691,201111,405
877,299,5026,201111,425
663,228,4478,201111,326
389,136,3653,201111,249
460,162,3474,201111,200
711,297,4735,201111,405
853,341,5278,201111,417
679,284,4140,201111,365
592,233,3991,201111,326
478,183,3254,201111,271
352,140,3202,201111,182
432,170,3938,201111,198
803,266,5318,201111,408
861,302,5131,201111,363
891,257,4945,201111,342
0,0,0,201111,0
814,277,4894,201112,376
672,214,3875,201112,308
419,143,2915,201112,194
501,155,5617,201112,262
846,257,4653,201112,384
820,271,4863,201112,379
857,263,4988,201112,387
752,257,4966,201112,395
730,196,4076,201112,259
419,132,6784,201112,188
501,150,3101,201112,211
694,219,4267,201112,316
856,270,4925,201112,383
779,263,4451,201112,368
784,260,4688,201112,327
561,192,3575,201112,271
359,89,2976,201112,156
338,110,2755,201112,160
580,189,3462,201112,280
598,213,3824,201112,267
526,189,3469,201112,293
500,166,3226,201112,269
22,7,195,201112,15
0,0,0,201112,0
0,0,0,201112,0
97,38,891,201112,65
417,172,2798,201112,218
413,173,3026,201112,241
473,150,3018,201112,262
391,155,2925,201112,262
222,98,3339,201112,155
201,71,2224,201201,118
385,152,3345,201201,221
560,262,3769,201201,285
725,243,4279,201201,308
674,253,4422,201201,352
542,191,4120,201201,305
366,126,3120,201201,179
355,134,3383,201201,163
731,275,4754,201201,320
735,265,4955,201201,401
823,248,5313,201201,400
798,248,5196,201201,413
648,208,4693,201201,341
419,131,3141,201201,234
459,144,3680,201201,187
738,232,4285,201201,337
732,255,4526,201201,365
711,226,4511,201201,349
721,219,4522,201201,339
556,236,4205,201201,314
359,119,3297,201201,224
370,134,5337,201201,214
603,243,5566,201201,327
701,240,5285,201201,392
701,220,5027,201201,374
760,235,4825,201201,424
621,240,6621,201201,342
397,123,2977,201201,188
469,176,3258,201201,211
708,274,6647,201201,391
726,220,4572,201201,358
742,254,4504,201202,374
836,272,5085,201202,382
731,249,3989,201202,312
409,146,2981,201202,195
452,140,5406,201202,217
778,262,6271,201202,390
766,240,5074,201202,401
748,250,4632,201202,392
822,235,4767,201202,399
677,231,4564,201202,296
408,144,3224,201202,182
451,133,3463,201202,186
718,328,4577,201202,403
708,300,4620,201202,362
723,285,4747,201202,400
752,263,4665,201202,389
783,236,4371,201202,354
389,138,2942,201202,175
430,151,3345,201202,241
681,265,4190,201202,346
723,265,4713,201202,383
747,295,4699,201202,387
810,310,4921,201202,375
638,229,4338,201202,349
402,138,3376,201202,194
488,173,3505,201202,266
799,267,5195,201202,387
842,267,5157,201202,487
793,233,4856,201202,366
0,0,0,201202,0
0,0,0,201202,0
776,255,4752,201203,342
623,223,4338,201203,328
419,141,2934,201203,200
486,163,3538,201203,191
671,221,4554,201203,377
767,215,4758,201203,386
813,235,4848,201203,420
775,263,4584,201203,397
690,206,4245,201203,317
359,116,2860,201203,209
439,151,2970,201203,215
709,220,4028,201203,366
758,271,4220,201203,420
781,231,4191,201203,317
810,263,4375,201203,377
616,258,3775,201203,355
398,147,2640,201203,167
477,130,2786,201203,199
781,275,4256,201203,363
700,262,4226,201203,348
760,246,4157,201203,322
669,243,3734,201203,303
504,193,3414,201203,268
332,121,2332,201203,196
423,165,2822,201203,251
759,282,4213,201203,360
668,254,3982,201203,321
758,229,3977,201203,320
703,241,3716,201203,366
573,199,3471,201203,316
341,118,2376,201203,157
376,128,2724,201204,189
674,246,3668,201204,295
697,230,3836,201204,328
698,233,3467,201204,327
692,326,3320,201204,362
500,126,2569,201204,230
354,104,2180,201204,127
365,284,2401,201204,157
597,467,3423,201204,291
744,317,4078,201204,354
711,249,3634,201204,321
759,251,3599,201204,336
645,199,3582,201204,284
389,147,2643,201204,192
482,186,2923,201204,239
746,254,3963,201204,366
804,249,4276,201204,331
846,290,4228,201204,410
876,275,3889,201204,368
669,258,3760,201204,331
415,155,2424,201204,167
490,162,2661,201204,181
790,264,4242,201204,374
773,310,3869,201204,337
748,260,3785,201204,320
851,281,4134,201204,330
678,236,3379,201204,332
425,129,2322,201204,180
477,147,2849,201204,190
0,0,0,201204,0
0,0,0,201204,0
831,216,4501,201205,349
732,272,4364,201205,347
865,335,4509,201205,420
744,248,3600,201205,326
414,151,2618,201205,204
474,168,2830,201205,214
844,290,5402,201205,395
781,261,5199,201205,397
838,330,5548,201205,511
765,248,4620,201205,363
684,246,3862,201205,362
422,136,2446,201205,197
395,158,2666,201205,218
768,273,3915,201205,370
847,312,4509,201205,435
759,253,4138,201205,359
680,276,5273,201205,385
641,207,4157,201205,318
394,140,2873,201205,162
409,129,3340,201205,188
772,304,4562,201205,375
676,268,3999,201205,372
791,261,4357,201205,386
779,266,3900,201205,353
709,248,3385,201205,351
364,106,2301,201205,165
393,158,3695,201205,188
519,243,3210,201205,274
726,242,4034,201205,406
738,300,3793,201205,353
745,263,3944,201205,347
646,218,3301,201206,286
380,113,2873,201206,240
409,135,3292,201206,204
690,270,3816,201206,391
837,302,4280,201206,411
732,253,3721,201206,379
690,212,3435,201206,351
686,229,3288,201206,361
360,138,2302,201206,198
372,145,2504,201206,155
707,238,3630,201206,385
760,240,3773,201206,352
728,231,3559,201206,392
722,266,3606,201206,409
595,228,3092,201206,323
369,166,2470,201206,195
418,165,2597,201206,225
718,294,3623,201206,425
742,300,3700,201206,416
638,255,3405,201206,422
748,354,3460,201206,387
604,223,2927,201206,348
314,127,2315,201206,203
342,168,2438,201206,177
652,236,6389,201206,340
676,255,3442,201206,402
645,258,3271,201206,434
650,209,3215,201206,348
515,188,2859,201206,297
316,136,2150,201206,170
0,0,0,201206,0
348,138,2330,201207,182
626,225,2946,201207,349
564,231,3405,201207,347
544,228,2945,201207,322
634,230,2950,201207,326
564,208,2866,201207,353
275,144,2149,201207,191
340,160,2339,201207,191
725,258,3101,201207,400
673,318,3231,201207,375
687,272,3054,201207,386
625,239,2914,201207,450
478,207,2670,201207,320
287,120,2438,201207,167
283,101,2299,201207,188
586,199,3174,201207,384
604,241,3225,201207,429
589,270,3257,201207,378
635,213,3024,201207,341
473,208,2679,201207,307
255,131,2249,201207,194
270,118,2244,201207,186
586,248,2976,201207,363
643,251,3281,201207,419
640,217,3475,201207,386
627,225,3084,201207,370
475,219,2762,201207,319
267,85,2086,201207,183
272,86,2198,201207,161
489,187,2869,201207,359
610,215,2923,201207,376
563,225,2919,201208,376
636,208,2834,201208,392
510,190,2431,201208,266
265,114,1957,201208,156
274,91,2231,201208,171
476,196,2626,201208,303
615,236,2768,201208,314
561,204,2800,201208,360
571,203,2823,201208,334
496,192,2691,201208,255
261,100,2032,201208,168
245,107,2054,201208,157
521,243,3125,201208,354
641,237,2988,201208,407
558,179,2999,201208,326
544,187,2701,201208,353
514,211,2763,201208,338
263,110,2050,201208,197
281,101,2189,201208,196
525,221,2904,201208,355
541,208,3199,201208,365
604,261,3020,201208,373
630,225,2930,201208,369
517,168,2585,201208,344
301,84,2074,201208,198
315,129,2227,201208,216
661,215,2982,201208,349
681,220,3251,201208,404
669,264,3069,201208,383
668,298,2989,201208,403
501,201,2547,201208,318
262,110,2021,201209,167
281,116,2067,201209,182
543,190,2762,201209,303
694,257,2969,201209,378
730,233,3119,201209,354
700,221,3304,201209,345
678,241,3081,201209,366
309,145,2543,201209,292
382,148,2633,201209,240
655,236,3518,201209,425
763,281,3489,201209,481
755,256,3322,201209,441
791,269,3571,201209,439
710,226,2978,201209,386
352,109,2127,201209,225
403,150,2380,201209,192
703,263,3512,201209,401
836,312,3721,201209,477
831,242,3559,201209,379
766,197,3534,201209,383
631,219,3196,201209,369
365,118,2379,201209,186
464,142,2605,201209,220
829,278,3770,201209,418
821,267,3581,201209,430
801,249,3671,201209,417
878,275,3736,201209,393
678,224,3083,201209,326
414,139,2383,201209,201
488,149,2830,201209,236
0,0,0,201209,0
819,248,3634,201210,422
851,256,3893,201210,458
890,266,3849,201210,415
921,271,3465,201210,405
806,204,3139,201210,461
430,155,2484,201210,391
463,132,2590,201210,205
895,280,3544,201210,396
880,303,4237,201210,445
903,320,3832,201210,441
900,321,3855,201210,446
793,284,3147,201210,398
465,169,2539,201210,225
450,147,2872,201210,223
849,304,3965,201210,499
876,273,3952,201210,429
776,301,4023,201210,465
863,255,4022,201210,529
777,227,3258,201210,459
488,150,2763,201210,261
582,138,3048,201210,221
886,265,3932,201210,406
1004,256,4051,201210,506
1014,274,4181,201210,429
978,286,3939,201210,435
727,200,3341,201210,380
449,142,2633,201210,238
552,131,2760,201210,249
776,227,3820,201210,451
845,289,3956,201210,447
865,280,3705,201210,443
912,324,4003,201211,431
772,214,3927,201211,406
472,152,2614,201211,242
575,153,2967,201211,245
935,323,4173,201211,438
956,281,4192,201211,737
921,298,4543,201211,3764
947,302,4092,201211,468
822,330,3908,201211,487
528,157,2762,201211,241
576,215,2993,201211,260
988,302,4488,201211,460
970,271,4302,201211,473
1091,271,4674,201211,467
1047,330,4233,201211,515
794,245,3656,201211,354
529,165,2519,201211,237
581,181,3101,201211,270
902,263,4096,201211,379
905,269,4211,201211,456
855,234,3896,201211,438
715,223,3409,201211,341
623,204,2943,201211,265
461,129,2537,201211,195
585,152,3040,201211,253
1081,326,4354,201211,535
1227,364,4871,201211,654
1012,343,4366,201211,481
1143,386,4561,201211,439
927,279,3786,201211,405
0,0,0,201211,0
599,155,2749,201212,299
633,198,3048,201212,259
1121,359,4222,201212,473
1091,327,4429,201212,495
1305,303,4797,201212,517
1076,305,4329,201212,481
899,253,3633,201212,383
604,184,2464,201212,249
692,172,2879,201212,283
1119,290,4024,201212,445
1040,313,4202,201212,526
1013,338,3933,201212,551
940,300,3909,201212,505
812,251,3232,201212,464
570,137,2321,201212,277
481,166,2455,201212,270
867,300,3378,201212,479
818,284,3327,201212,462
833,243,3295,201212,465
738,222,3076,201212,432
564,183,2350,201212,337
362,128,1892,201212,218
281,120,1914,201212,196
339,169,2003,201212,278
310,141,1810,201212,225
461,192,2360,201212,310
534,189,2539,201212,370
525,184,2737,201212,344
345,127,2925,201212,260
364,136,2196,201212,219
351,145,2281,201212,246
299,116,2052,201301,167
595,241,3141,201301,405
643,209,3349,201301,427
720,243,3177,201301,375
434,122,2461,201301,239
535,169,2657,201301,218
805,267,3608,201301,420
1019,376,4123,201301,490
925,247,4003,201301,499
908,288,4014,201301,487
819,275,3506,201301,427
560,147,2802,201301,217
513,172,3143,201301,221
835,275,3915,201301,447
977,342,4290,201301,550
1007,383,5209,201301,559
1060,325,4405,201301,496
930,271,3790,201301,394
554,177,2891,201301,223
527,177,2973,201301,270
911,260,3721,201301,452
1057,375,3856,201301,563
1073,340,3861,201301,552
1129,289,4049,201301,525
1046,298,3502,201301,394
545,160,2771,201301,266
572,193,3020,201301,248
942,329,3944,201301,473
1135,302,3787,201301,468
1050,288,4301,201301,517
1037,283,4119,201301,464
904,307,3985,201302,431
549,180,2803,201302,245
654,182,2994,201302,248
1100,341,4092,201302,512
1159,363,4339,201302,516
1138,363,4341,201302,518
1176,368,4566,201302,534
942,267,3480,201302,442
566,170,2615,201302,243
560,192,2890,201302,239
1144,276,3981,201302,435
1096,331,4080,201302,525
1099,317,4206,201302,458
1059,248,3999,201302,478
877,238,3503,201302,399
707,158,2562,201302,238
687,179,2984,201302,265
1088,322,3762,201302,530
1242,377,4550,201302,495
1191,386,4591,201302,533
1156,355,3883,201302,534
990,277,3545,201302,461
659,243,2689,201302,323
700,202,3098,201302,286
1209,376,3932,201302,566
1262,358,4432,201302,618
1230,345,4226,201302,494
1173,356,4307,201302,563
0,0,0,201302,0
0,0,0,201302,0
0,0,0,201302,0
922,291,3836,201303,444
621,167,2856,201303,256
693,190,3046,201303,323
1155,361,4289,201303,547
1088,352,4131,201303,570
1283,345,4376,201303,556
1218,353,4569,201303,566
1009,320,3801,201303,488
612,209,2824,201303,298
673,229,3036,201303,291
1149,398,3988,201303,504
1260,373,4170,201303,544
1221,348,4066,201303,561
1164,337,3883,201303,483
1045,259,3340,201303,459
660,182,2593,201303,307
710,214,2918,201303,304
1127,341,3974,201303,529
1290,405,3991,201303,574
1286,376,4310,201303,539
1256,337,4027,201303,539
1027,308,3377,201303,483
686,181,2975,201303,252
748,205,3118,201303,260
1298,323,4278,201303,454
1216,392,4379,201303,495
1241,346,4241,201303,503
1101,310,3968,201303,506
873,251,3325,201303,410
531,163,2621,201303,233
603,163,2771,201303,245
1087,324,3639,201304,458
1166,350,3881,201304,579
1233,389,4372,201304,558
1193,354,4417,201304,528
934,266,3694,201304,395
610,188,2832,201304,287
694,227,3145,201304,343
1163,402,4280,201304,567
1294,367,4347,201304,536
1225,350,4068,201304,489
1181,388,4291,201304,596
993,369,3587,201304,462
572,198,2664,201304,226
730,222,3119,201304,259
1134,394,4128,201304,521
1232,372,4100,201304,477
1279,386,4115,201304,549
1145,306,3932,201304,476
1031,284,3646,201304,434
674,175,2600,201304,262
764,188,2927,201304,276
1200,328,3950,201304,462
1159,327,4012,201304,512
1279,349,4039,201304,518
1149,365,4288,201304,486
1048,329,3575,201304,426
680,192,2532,201304,262
801,233,2981,201304,253
1173,356,3989,201304,468
1261,389,4204,201304,535
0,0,0,201304,0
1198,275,3827,201305,533
1308,353,4110,201305,594
1018,290,3315,201305,429
645,191,3165,201305,240
711,216,2674,201305,274
1116,397,3684,201305,494
1198,401,4200,201305,587
1250,388,4191,201305,541
1096,335,3982,201305,470
1040,357,3564,201305,479
619,186,2583,201305,207
612,186,2848,201305,205
1186,359,4002,201305,498
1264,363,4150,201305,507
1271,372,4571,201305,887
1214,403,4771,201305,792
993,298,3594,201305,591
589,185,2477,201305,239
666,205,2737,201305,230
933,294,3626,201305,402
1192,374,3983,201305,638
1061,347,3830,201305,492
1056,325,3879,201305,539
939,332,3387,201305,373
527,138,2217,201305,237
947,230,2517,201305,365
844,306,3306,201305,396
1090,364,3995,201305,483
1144,369,3869,201305,482
1123,309,3862,201305,455
929,313,3465,201305,372
571,154,2236,201306,192
644,192,2375,201306,279
1134,356,3463,201306,429
1154,324,3500,201306,503
1119,323,3393,201306,494
1073,333,3507,201306,468
840,318,3064,201306,418
470,144,2325,201306,225
576,211,2549,201306,239
1013,328,3528,201306,427
1009,320,3770,201306,423
1005,349,3576,201306,459
1016,325,3411,201306,475
861,267,2988,201306,391
528,173,2341,201306,273
506,169,2253,201306,240
1024,343,3378,201306,505
1011,386,3789,201306,568
1099,299,3555,201306,461
1022,336,3213,201306,504
777,259,2691,201306,405
561,171,2175,201306,272
481,160,2363,201306,227
940,244,3162,201306,424
1025,374,3521,201306,577
1007,307,3431,201306,490
975,287,4693,201306,441
736,295,2823,201306,394
466,159,2044,201306,231
480,139,2150,201306,186
0,0,0,201306,0
870,303,3045,201307,402
939,289,3498,201307,458
821,290,3416,201307,466
681,277,2791,201307,345
655,213,2407,201307,272
404,127,1970,201307,171
443,138,2183,201307,220
861,301,2828,201307,441
931,321,2939,201307,510
749,322,2792,201307,407
856,312,2837,201307,385
744,298,2510,201307,418
429,150,1957,201307,217
432,165,1959,201307,412
824,302,2750,201307,437
929,299,2726,201307,466
1000,292,2596,201307,459
1003,282,2839,201307,392
921,247,2487,201307,340
424,141,1889,201307,210
422,166,2024,201307,217
830,299,2764,201307,423
0,0,0,201307,0
367,119,1043,201307,146
780,266,2377,201307,343
658,220,2207,201307,293
420,142,1804,201307,180
367,144,1963,201307,192
741,296,2461,201307,363
844,283,2481,201307,374
721,235,2505,201307,342
702,291,2412,201308,393
684,243,2093,201308,342
350,109,1685,201308,172
336,137,1826,201308,165
690,240,2577,201308,363
780,261,2460,201308,453
798,256,3033,201308,561
675,262,2315,201308,397
581,192,2129,201308,292
350,106,1805,201308,184
363,131,2234,201308,158
698,258,2675,201308,346
817,291,2643,201308,405
763,279,2567,201308,362
695,257,2664,201308,363
676,217,2249,201308,337
401,120,2053,201308,377
439,159,2177,201308,320
782,284,2605,201308,501
618,274,2220,201308,431
795,250,2324,201308,424
749,296,2322,201308,301
592,234,2158,201308,270
279,105,1620,201308,128
328,132,1681,201308,164
590,209,2202,201308,326
763,216,2276,201308,334
810,236,2312,201308,326
779,228,2331,201308,333
558,204,2090,201308,305
329,128,1620,201308,133
321,111,1742,201309,128
449,208,2168,201309,227
685,212,2377,201309,332
785,241,2501,201309,360
744,242,2430,201309,369
583,224,2133,201309,300
322,132,1800,201309,169
369,104,1932,201309,169
619,236,2455,201309,323
701,398,2520,201309,334
680,266,2653,201309,335
823,253,2645,201309,347
600,228,2381,201309,333
360,119,1914,201309,191
444,162,1938,201309,238
739,260,2850,201309,356
833,267,2650,201309,406
751,244,2689,201309,355
718,229,2699,201309,337
688,233,2217,201309,296
396,128,1617,201309,136
473,146,1818,201309,164
778,277,2528,201309,354
811,212,3495,201309,338
802,257,2851,201309,361
817,264,3498,201309,314
650,203,2354,201309,294
409,118,2639,201309,161
439,157,2040,201309,196
756,220,4103,201309,354
0,0,0,201309,0
825,254,3076,201310,361
878,269,3002,201310,357
930,236,2916,201310,335
868,195,2398,201310,285
495,130,1814,201310,201
473,144,2002,201310,179
815,266,2661,201310,312
968,300,2685,201310,372
967,351,2737,201310,391
916,280,2754,201310,431
801,261,2303,201310,316
459,147,1760,201310,173
494,157,1925,201310,180
842,267,2525,201310,354
900,255,2517,201310,387
938,301,2597,201310,387
941,271,2626,201310,397
837,283,2569,201310,449
489,139,1905,201310,215
529,121,1989,201310,167
982,254,3257,201310,379
932,274,2936,201310,399
937,299,2726,201310,395
913,241,3129,201310,381
827,250,2375,201310,352
514,159,2092,201310,203
562,180,1967,201310,242
855,285,2537,201310,342
1009,303,2796,201310,376
949,321,2774,201310,351
850,306,2588,201310,360
776,238,2165,201311,319
428,149,1660,201311,181
434,168,1830,201311,188
858,268,2539,201311,340
930,257,2726,201311,299
1013,294,2881,201311,351
964,306,2748,201311,400
778,273,2303,201311,350
491,177,1755,201311,217
565,193,1988,201311,194
939,260,2810,201311,478
1112,307,2907,201311,364
1023,334,2914,201311,451
1010,343,3022,201311,419
933,329,2911,201311,405
531,158,2409,201311,447
607,155,2485,201311,218
1090,416,3096,201311,396
1125,309,3250,201311,427
980,318,3051,201311,478
1070,363,3245,201311,421
1057,343,2986,201311,348
599,190,2077,201311,207
598,206,1943,201311,186
1057,280,2819,201311,391
1030,304,2556,201311,378
867,327,2485,201311,396
754,269,2364,201311,279
593,193,2031,201311,258
552,222,1958,201311,281
0,0,0,201311,0
573,170,1996,201312,201
885,357,2634,201312,418
1033,388,2686,201312,405
1021,492,3047,201312,446
1084,420,2917,201312,435
914,289,2636,201312,323
576,154,1940,201312,223
688,165,2287,201312,230
1049,331,3004,201312,379
1062,378,2952,201312,404
1006,297,2872,201312,410
778,226,2409,201312,304
728,185,2103,201312,269
373,102,1422,201312,173
423,154,1621,201312,193
606,239,2193,201312,292
675,236,2369,201312,314
616,234,2577,201312,336
603,220,2302,201312,371
504,194,1715,201312,244
241,111,1316,201312,161
234,100,1363,201312,118
354,153,1580,201312,204
283,124,1400,201312,153
206,87,1233,201312,140
282,137,1461,201312,174
369,121,1574,201312,186
257,107,1416,201312,133
264,108,1650,201312,125
450,177,1615,201312,236
328,116,1460,201312,167
274,104,1334,201401,148
434,205,1678,201401,234
507,196,1762,201401,259
308,101,1529,201401,166
41,21,319,201401,24
0,0,0,201401,0
699,223,2497,201401,326
792,270,2436,201401,398
673,294,5071,201401,364
722,243,2627,201401,326
397,135,2040,201401,196
437,134,1974,201401,173
744,274,2691,201401,331
842,275,2506,201401,334
705,289,2579,201401,357
705,250,2533,201401,321
681,232,2812,201401,300
415,128,1730,201401,196
416,143,1896,201401,188
742,237,2298,201401,331
738,248,2347,201401,404
786,265,2433,201401,310
726,277,2388,201401,292
617,185,2221,201401,299
398,119,1699,201401,183
408,125,1981,201401,188
694,258,2909,201401,355
784,283,2664,201401,423
787,236,2512,201401,366
658,234,2474,201401,308
566,178,2147,201401,303
393,124,1632,201402,154
443,110,1881,201402,161
659,244,2527,201402,341
758,255,2738,201402,371
864,320,2785,201402,421
832,284,2573,201402,385
675,235,2430,201402,350
390,148,1828,201402,218
462,161,2072,201402,185
787,296,3553,201402,378
878,291,2864,201402,396
794,271,2680,201402,353
734,286,2770,201402,326
594,207,2274,201402,259
434,123,1762,201402,195
482,157,1877,201402,186
777,271,2330,201402,331
819,323,2784,201402,366
815,267,2595,201402,339
815,257,2793,201402,325
664,232,2252,201402,317
372,119,1670,201402,165
455,139,2117,201402,180
809,276,2731,201402,348
852,314,2750,201402,395
893,241,2867,201402,429
755,268,2842,201402,374
647,210,2444,201402,297
0,0,0,201402,0
0,0,0,201402,0
0,0,0,201402,0
407,163,1839,201403,189
466,125,2047,201403,177
757,284,2735,201403,448
833,293,2605,201403,374
824,283,2859,201403,361
859,304,2682,201403,372
731,294,2382,201403,366
402,139,1727,201403,192
499,169,2004,201403,191
771,254,2700,201403,395
824,295,2775,201403,380
889,316,2717,201403,392
794,260,2668,201403,385
625,224,2204,201403,345
358,138,1668,201403,170
442,153,2036,201403,208
830,282,2726,201403,405
893,328,2801,201403,395
856,354,2847,201403,404
840,318,2829,201403,379
688,233,2394,201403,317
411,151,2099,201403,176
490,164,2083,201403,195
917,260,2914,201403,357
963,296,3224,201403,433
892,291,2925,201403,410
850,278,2715,201403,370
739,244,2477,201403,363
423,120,1772,201403,166
483,162,2273,201403,198
843,302,3069,201403,354
848,290,2721,201404,390
797,289,2687,201404,387
838,251,2732,201404,361
840,259,2343,201404,321
476,129,1890,201404,159
515,168,2028,201404,191
880,300,3053,201404,402
807,361,2571,201404,383
827,327,2775,201404,382
809,307,2731,201404,478
795,264,2191,201404,358
437,161,1605,201404,191
427,172,1828,201404,203
803,299,2320,201404,425
1691,303,2472,201404,400
832,259,2457,201404,388
711,254,2331,201404,345
578,215,1685,201404,302
424,148,1533,201404,189
359,122,1579,201404,213
710,266,2323,201404,389
843,348,2443,201404,412
938,293,2470,201404,382
838,310,2556,201404,424
763,292,2316,201404,359
417,163,1651,201404,224
515,150,1807,201404,188
893,308,2489,201404,389
882,322,2908,201404,363
795,286,2622,201404,390
0,0,0,201404,0
713,283,2386,201405,310
673,241,2198,201405,331
471,140,1846,201405,176
488,199,1983,201405,227
819,304,2517,201405,379
907,318,2735,201405,376
904,329,2579,201405,405
892,269,2672,201405,361
837,266,2305,201405,312
467,143,1710,201405,235
473,162,1737,201405,224
807,262,2654,201405,367
947,309,3025,201405,394
907,310,2594,201405,397
898,298,2370,201405,403
646,242,1938,201405,346
435,124,1484,201405,157
446,157,2028,201405,206
760,367,2453,201405,324
685,291,2602,201405,359
723,310,2534,201405,424
662,265,2218,201405,333
567,231,2173,201405,299
358,125,1725,201405,150
333,161,1534,201405,158
527,203,2251,201405,218
700,337,2424,201405,362
692,265,2439,201405,330
584,243,2161,201405,288
523,210,1940,201405,252
322,120,1507,201405,145
345,128,1644,201406,190
640,267,2263,201406,300
730,263,2327,201406,369
635,243,2236,201406,339
622,231,2203,201406,293
533,192,1718,201406,262
289,124,1351,201406,151
320,107,1422,201406,143
591,225,1973,201406,308
662,270,2828,201406,325
654,281,2040,201406,340
653,258,2332,201406,317
561,206,1979,201406,308
322,137,1591,201406,159
366,127,1680,201406,174
605,243,2298,201406,381
634,239,2179,201406,302
567,201,2171,201406,286
572,183,2007,201406,301
456,199,1893,201406,238
297,105,1406,201406,124
307,103,1618,201406,129
525,220,2110,201406,307
595,230,2062,201406,318
588,254,2191,201406,353
582,221,1981,201406,255
430,185,1609,201406,243
259,85,1376,201406,104
268,97,1641,201406,130
464,198,2144,201406,263
0,0,0,201406,0
476,180,1908,201407,296
554,216,2653,201407,327
492,212,2308,201407,300
357,163,1576,201407,178
226,106,1325,201407,122
274,91,1516,201407,132
550,259,1929,201407,270
552,223,1985,201407,308
524,194,1781,201407,296
518,225,1890,201407,306
461,180,4124,201407,299
201,115,13428,201407,138
241,100,1356,201407,147
521,206,1817,201407,294
559,220,1697,201407,300
534,209,1706,201407,278
503,204,1734,201407,281
421,174,1769,201407,237
197,84,1411,201407,146
254,109,1587,201407,141
532,229,1913,201407,313
536,222,2212,201407,312
547,223,1990,201407,305
453,229,1818,201407,297
413,181,1526,201407,241
181,90,1266,201407,140
269,94,1259,201407,117
476,240,1779,201407,272
483,256,1985,201407,289
529,268,2002,201407,268
486,281,1840,201407,287
500,203,1828,201408,250
255,103,1291,201408,110
252,96,1502,201408,130
537,193,1779,201408,281
537,178,1845,201408,325
525,231,1825,201408,303
504,184,1640,201408,287
397,217,1496,201408,250
219,94,1256,201408,129
245,99,1447,201408,146
492,215,2012,201408,244
530,195,2216,201408,306
531,250,2042,201408,274
478,206,1983,201408,308
419,172,1465,201408,249
214,100,1323,201408,115
237,113,1405,201408,135
450,177,1763,201408,259
506,206,1863,201408,318
618,190,1863,201408,290
610,219,1918,201408,332
473,227,1683,201408,288
253,109,1376,201408,109
303,113,1450,201408,136
469,240,1873,201408,282
561,217,1832,201408,271
532,155,1740,201408,472
0,0,0,201408,0
487,171,1658,201408,268
227,110,2929,201408,148
269,115,2233,201408,155
474,201,1820,201409,220
593,186,1969,201409,277
668,228,1954,201409,368
631,227,1924,201409,345
591,201,1648,201409,316
297,108,1303,201409,122
315,108,1404,201409,132
537,213,1976,201409,290
598,211,1970,201409,318
714,227,2132,201409,357
638,265,2240,201409,348
553,213,14015,201409,295
317,128,1274,201409,218
439,134,1339,201409,245
695,258,1872,201409,414
707,257,2025,201409,336
642,240,2073,201409,364
712,253,2053,201409,414
568,218,1665,201409,329
331,118,1327,201409,230
397,130,1406,201409,231
779,255,2097,201409,397
814,241,2133,201409,391
855,275,2144,201409,667
765,262,2207,201409,433
641,202,1915,201409,346
393,122,1368,201409,270
479,160,1557,201409,264
738,264,2119,201409,402
643,209,2159,201409,382
0,0,0,201409,0
644,230,2359,201410,370
621,220,2044,201410,354
574,167,1792,201410,224
351,125,1320,201410,129
366,117,1481,201410,151
653,224,2215,201410,308
779,268,2271,201410,372
764,263,2395,201410,368
639,267,2203,201410,333
612,206,2050,201410,305
381,118,1456,201410,156
436,116,1526,201410,155
726,240,2248,201410,323
733,265,2545,201410,419
739,264,2457,201410,336
640,188,2226,201410,340
563,204,1661,201410,331
310,115,1081,201410,155
397,136,1257,201410,153
701,254,2046,201410,309
714,262,2079,201410,304
666,221,2001,201410,340
675,201,1861,201410,328
650,220,1797,201410,271
376,141,1225,201410,150
347,143,1383,201410,172
671,220,2030,201410,325
667,217,2130,201410,329
639,202,1887,201410,298
655,232,1850,201410,279
600,238,1643,201410,263
309,131,1230,201411,173
380,145,1395,201411,204
754,250,2172,201411,375
674,305,2244,201411,429
720,232,2052,201411,344
733,257,1991,201411,324
679,233,1729,201411,309
362,104,1192,201411,136
461,164,1378,201411,159
873,281,2090,201411,324
846,247,2255,201411,324
708,228,2085,201411,365
733,225,2071,201411,331
561,202,1798,201411,275
395,134,1465,201411,158
503,140,1682,201411,162
874,250,2067,201411,296
725,309,2082,201411,318
811,304,2371,201411,377
677,237,2029,201411,392
607,279,1696,201411,295
356,117,1118,201411,141
432,152,1377,201411,215
734,297,2382,201411,327
681,257,1962,201411,343
666,194,1849,201411,251
466,195,1755,201411,208
393,154,1428,201411,188
322,103,1222,201411,132
311,106,1144,201411,116
0,0,0,201411,0
784,221,2082,201412,314
706,299,2423,201412,282
744,407,2108,201412,339
715,277,2208,201412,315
591,222,1824,201412,288
401,128,1254,201412,153
434,150,1230,201412,182
735,276,2148,201412,298
824,321,2264,201412,311
685,261,2060,201412,327
717,303,2051,201412,305
502,229,1611,201412,232
372,123,1316,201412,164
503,136,1422,201412,163
748,224,1806,201412,272
684,245,1956,201412,334
574,223,1668,201412,305
530,214,1563,201412,322
361,168,1342,201412,214
229,108,1091,201412,118
232,85,1013,201412,110
374,154,3297,201412,267
338,138,2492,201412,178
260,79,1439,201412,119
176,77,918,201412,108
253,90,1115,201412,126
185,81,992,201412,119
223,85,1096,201412,93
318,134,2157,201412,183
324,135,1257,201412,171
261,112,1018,201412,147
171,85,974,201501,93
322,128,1423,201501,168
250,83,1231,201501,176
317,126,1216,201501,140
461,207,2056,201501,255
583,250,1770,201501,302
609,242,1727,201501,295
518,197,1748,201501,296
500,181,1661,201501,282
273,99,1222,201501,136
326,101,1232,201501,133
584,192,1880,201501,303
611,260,1917,201501,268
593,235,1682,201501,273
547,272,1819,201501,295
471,231,1513,201501,236
302,106,1121,201501,124
333,106,1189,201501,142
541,223,1657,201501,258
643,269,1852,201501,296
563,255,2023,201501,289
609,282,2311,201501,349
452,196,2062,201501,254
242,83,1648,201501,126
319,127,1881,201501,155
573,221,2734,201501,310
643,246,2795,201501,337
611,272,2446,201501,313
586,231,2132,201501,277
465,198,1949,201501,291
237,99,946,201501,114
316,95,1326,201502,203
550,198,1799,201502,262
574,239,2254,201502,321
627,253,2384,201502,341
0,0,0,201502,0
463,211,1897,201502,227
278,94,1284,201502,111
301,130,1597,201502,128
603,231,1827,201502,285
637,249,2038,201502,306
669,240,2034,201502,291
605,253,1943,201502,315
550,195,1654,201502,247
267,78,1188,201502,105
327,106,1457,201502,129
501,193,1931,201502,231
574,303,2376,201502,311
544,210,1901,201502,269
517,204,1727,201502,261
449,179,1697,201502,250
295,106,1303,201502,138
342,119,1480,201502,152
550,221,1998,201502,317
592,264,2002,201502,318
680,225,1912,201502,302
537,185,1915,201502,244
499,194,2405,201502,297
327,104,1926,201502,157
0,0,0,201502,0
0,0,0,201502,0
0,0,0,201502,0
333,124,1837,201503,160
615,244,2194,201503,319
684,254,2064,201503,295
642,240,3617,201503,306
653,213,2785,201503,288
469,208,2160,201503,285
309,128,1390,201503,131
393,122,1583,201503,184
581,232,2091,201503,339
589,262,2033,201503,314
609,238,2080,201503,318
656,219,1949,201503,312
543,213,1918,201503,305
294,102,1294,201503,130
349,111,1364,201503,158
619,247,1886,201503,319
715,235,1894,201503,354
653,237,2013,201503,307
689,224,1853,201503,336
501,228,2005,201503,282
316,141,2097,201503,143
433,154,1432,201503,196
675,248,2519,201503,351
703,307,1844,201503,303
733,266,1887,201503,303
638,262,1574,201503,286
556,250,1570,201503,262
279,118,1291,201503,140
400,119,1322,201503,134
651,248,2105,201503,318
654,264,2046,201503,315
614,257,3156,201504,388
555,230,1758,201504,256
429,182,1562,201504,205
305,113,1245,201504,162
343,132,1226,201504,145
546,240,1831,201504,279
712,255,2102,201504,336
710,276,1966,201504,317
631,238,1772,201504,330
589,255,1577,201504,276
398,156,1190,201504,165
412,145,1359,201504,121
730,259,1958,201504,325
699,265,1818,201504,341
749,279,1891,201504,329
720,278,1869,201504,322
683,294,2077,201504,325
339,162,1143,201504,181
395,162,1286,201504,177
743,295,1826,201504,343
780,266,1880,201504,340
766,248,1816,201504,343
707,285,1807,201504,377
693,263,1770,201504,316
382,133,1253,201504,168
450,151,1245,201504,171
757,228,1684,201504,335
765,265,1639,201504,338
772,294,123681,201504,371
723,263,1593,201504,303
0,0,0,201504,0
547,211,1278,201505,333
371,151,1095,201505,156
467,148,1237,201505,156
680,239,1590,201505,351
734,268,1842,201505,337
740,313,1783,201505,376
782,266,1748,201505,339
633,235,1469,201505,294
379,135,1110,201505,146
457,132,1390,201505,145
697,303,1878,201505,327
781,287,1784,201505,304
684,283,1635,201505,331
605,259,1716,201505,393
607,241,1459,201505,383
293,132,1037,201505,138
351,155,1245,201505,134
632,254,1611,201505,320
648,278,1607,201505,393
634,270,1540,201505,318
630,203,1568,201505,275
493,183,1294,201505,261
277,131,928,201505,152
341,157,991,201505,105
408,190,1238,201505,176
563,247,1423,201505,295
662,274,1643,201505,357
579,243,1467,201505,319
472,209,1369,201505,304
319,94,1097,201505,136
352,132,1095,201505,165
697,296,1498,201506,359
616,293,1508,201506,337
558,291,1428,201506,293
612,235,1571,201506,329
472,203,1176,201506,267
307,122,930,201506,119
328,112,1000,201506,121
548,215,1380,201506,306
568,207,1422,201506,305
558,215,1502,201506,330
529,188,1438,201506,292
443,160,1168,201506,253
273,117,1008,201506,163
262,104,1029,201506,137
635,1080,1032,201506,377
561,215,1090,201506,320
531,761,949,201506,365
441,196,830,201506,222
370,164,710,201506,183
167,65,558,201506,110
216,90,543,201506,103
452,205,778,201506,299
433,203,862,201506,263
462,182,696,201506,242
457,194,679,201506,217
306,144,693,201506,195
173,107,538,201506,99
194,93,752,201506,129
358,197,1092,201506,211
391,188,1030,201506,234
0,0,0,201506,0
393,196,990,201507,268
456,186,1116,201507,260
285,135,912,201507,135
183,82,913,201507,117
172,91,946,201507,81
412,196,1156,201507,237
383,214,1349,201507,238
462,165,1493,201507,268
459,223,1339,201507,244
300,169,1117,201507,210
167,68,779,201507,105
228,93,1030,201507,107
364,422,1184,201507,276
388,599,1344,201507,277
397,373,1238,201507,300
379,272,1089,201507,267
290,255,992,201507,210
169,102,766,201507,107
161,109,877,201507,110
433,344,1141,201507,283
385,293,1201,201507,255
396,248,1209,201507,250
366,221,1225,201507,229
309,203,1095,201507,207
158,107,815,201507,124
195,87,855,201507,95
358,173,1106,201507,222
373,204,1311,201507,214
433,203,1187,201507,258
428,217,1193,201507,243
298,201,965,201507,201
145,88,848,201508,85
177,76,1159,201508,85
359,184,937,201508,226
456,203,1156,201508,267
440,180,1115,201508,217
375,215,1139,201508,191
321,159,1066,201508,177
228,91,936,201508,90
229,114,924,201508,87
367,218,1150,201508,232
383,190,1162,201508,199
427,161,1047,201508,206
412,202,1102,201508,206
284,135,869,201508,162
158,75,763,201508,98
222,79,835,201508,73
325,191,1257,201508,258
428,195,1195,201508,278
488,233,1195,201508,238
476,193,1162,201508,225
306,191,1128,201508,189
215,82,786,201508,95
193,104,997,201508,117
407,182,1087,201508,206
389,161,1248,201508,253
434,226,1183,201508,238
494,225,1079,201508,280
398,194,910,201508,207
191,93,769,201508,93
220,96,919,201508,120
403,233,1178,201508,232
401,191,1110,201509,262
438,202,1095,201509,279
432,195,1077,201509,324
356,163,932,201509,265
162,85,708,201509,88
189,80,889,201509,129
395,184,1024,201509,207
454,233,1254,201509,292
467,246,1263,201509,291
516,216,1248,201509,343
481,229,1096,201509,325
232,65,779,201509,113
227,94,824,201509,132
516,234,1172,201509,301
511,241,1227,201509,308
434,182,1053,201509,194
500,227,1218,201509,263
424,162,1068,201509,203
263,114,1021,201509,120
309,94,963,201509,108
529,224,1270,201509,256
601,216,1222,201509,254
644,246,1161,201509,312
580,215,1137,201509,424
418,169,1105,201509,274
213,85,797,201509,123
250,82,791,201509,155
472,216,1150,201509,260
489,185,1296,201509,301
520,225,1430,201509,320
