date,day.of.week,car.count,weather
2010-01-01,friday,94.5,-0.1
2010-01-02,saturday,108.4,-2.4
2010-01-03,sunday,105.5,-0.5
2010-01-04,monday,109.6,-2.1
2010-01-05,tuesday,116.1,1.9
2010-01-06,wednesday,77.2,-0.2
2010-01-07,thursday,100,0.9
2010-01-08,friday,101.4,0.2
2010-01-09,saturday,120.5,-1.1
2010-01-10,sunday,142.1,0.1
2010-01-11,monday,105.7,0.3
2010-01-12,tuesday,146.4,0.8
2010-01-13,wednesday,150.7,0.5
2010-01-14,thursday,130.3,0.2
2010-01-15,friday,83.8,-0.4
2010-01-16,saturday,164.7,-1.8
2010-01-17,sunday,121.8,0
2010-01-18,monday,80.5,-0.1
2010-01-19,tuesday,110.2,0.9
2010-01-20,wednesday,93,0
2010-01-21,thursday,112,1.4
2010-01-22,friday,116.3,-0.3
2010-01-23,saturday,88.1,1.2
2010-01-24,sunday,94.8,0.5
2010-01-25,monday,100.1,1.1
2010-01-26,tuesday,112.6,-0.7
2010-01-27,wednesday,85.6,-1.3
2010-01-28,thursday,93.7,-0.3
2010-01-29,friday,128.4,-1.6
2010-01-30,saturday,103.7,-0.1
2010-01-31,sunday,120,-0.6
2010-02-01,monday,140.2,-0.8
2010-02-02,tuesday,106.7,1.4
2010-02-03,wednesday,95.7,-0.7
2010-02-04,thursday,103.1,-0.7
2010-02-05,friday,91.3,-0.4
2010-02-06,saturday,89.5,-0.2
2010-02-07,sunday,93.7,0.1
2010-02-08,monday,103.9,-0.2
2010-02-09,tuesday,NA,0.4
2010-02-10,wednesday,116.7,1.3
2010-02-11,thursday,53.6,2.5
2010-02-12,friday,125.4,-0.1
2010-02-13,saturday,95,-1.6
2010-02-14,sunday,111,1
2010-02-15,monday,98.3,-0.3
2010-02-16,tuesday,106.2,-1.3
2010-02-17,wednesday,121.6,-0.3
2010-02-18,thursday,85.6,2
2010-02-19,friday,135.9,-0.8
2010-02-20,saturday,50.9,-0.5
2010-02-21,sunday,125.2,0.2
2010-02-22,monday,106.1,1.7
2010-02-23,tuesday,87.9,-1.3
2010-02-24,wednesday,112,0.1
2010-02-25,thursday,121.4,1
2010-02-26,friday,120.6,-0.7
2010-02-27,saturday,121.1,-0.7
2010-02-28,sunday,89.4,-0.2
2010-03-01,monday,88.7,-0.1
2010-03-02,tuesday,105.7,0
2010-03-03,wednesday,135.9,1.3
2010-03-04,thursday,104.7,0.7
2010-03-05,friday,94.6,2.9
2010-03-06,saturday,92,1.1
2010-03-07,sunday,110.2,0
2010-03-08,monday,111.8,2
2010-03-09,tuesday,115.4,0.5
2010-03-10,wednesday,85.1,0.6
2010-03-11,thursday,152.8,-0.8
2010-03-12,friday,137.1,-1.5
2010-03-13,saturday,117.3,-0.6
2010-03-14,sunday,103.7,-0.3
2010-03-15,monday,129.5,0.6
2010-03-16,tuesday,129.8,0.3
2010-03-17,wednesday,125.5,-0.3
2010-03-18,thursday,98.8,0.4
2010-03-19,friday,101.7,0.1
2010-03-20,saturday,111.6,-0.6
2010-03-21,sunday,122.8,-0.9
2010-03-22,monday,85,1.3
2010-03-23,tuesday,109.9,0.9
2010-03-24,wednesday,77.3,0.4
2010-03-25,thursday,109.4,1.5
2010-03-26,friday,138.7,0.9
2010-03-27,saturday,111.2,-0.6
2010-03-28,sunday,129.6,0.1
2010-03-29,monday,100.4,-0.4
2010-03-30,tuesday,115.4,0.3
2010-03-31,wednesday,128,-0.7
2010-04-01,thursday,127.1,1.8
2010-04-02,friday,149.2,-0.5
2010-04-03,saturday,128.9,-0.6
2010-04-04,sunday,137.1,-0.3
2010-04-05,monday,111.3,-0.2
2010-04-06,tuesday,123.2,-1
2010-04-07,wednesday,123.6,0.8
2010-04-08,thursday,97,0.6
2010-04-09,friday,174.8,-0.3
2010-04-10,saturday,101.3,0.4
2010-04-11,sunday,124.1,0
2010-04-12,monday,NA,0.8
2010-04-13,tuesday,178.3,-1.2
2010-04-14,wednesday,117.9,1.2
2010-04-15,thursday,86.3,0.5
2010-04-16,friday,131,-1.9
2010-04-17,saturday,115.1,-0.8
2010-04-18,sunday,101.2,-0.2
2010-04-19,monday,131.9,1.5
2010-04-20,tuesday,115.7,-2.2
2010-04-21,wednesday,120.8,0.3
2010-04-22,thursday,146,1.4
2010-04-23,friday,133,-0.9
2010-04-24,saturday,108.2,-2.2
2010-04-25,sunday,111.2,0.9
2010-04-26,monday,113.6,0
2010-04-27,tuesday,141.2,1.3
2010-04-28,wednesday,128.6,0
2010-04-29,thursday,161.4,0
2010-04-30,friday,139.6,0.2
2010-05-01,saturday,115.7,-1.3
2010-05-02,sunday,130.3,-0.8
2010-05-03,monday,121.5,-0.9
2010-05-04,tuesday,146.8,-0.7
2010-05-05,wednesday,97.7,-0.1
2010-05-06,thursday,85.9,-1.1
2010-05-07,friday,121.6,-1.3
2010-05-08,saturday,168.9,-2.7
2010-05-09,sunday,98.2,0.2
2010-05-10,monday,151.2,1.3
2010-05-11,tuesday,98.3,0.2
2010-05-12,wednesday,142.7,1.7
2010-05-13,thursday,152.4,0
2010-05-14,friday,136.7,0.8
2010-05-15,saturday,138.6,-1.6
2010-05-16,sunday,109.5,0.2
2010-05-17,monday,151.6,1
2010-05-18,tuesday,146.5,0.2
2010-05-19,wednesday,86.5,0.1
2010-05-20,thursday,94.4,-1.3
2010-05-21,friday,112,-0.2
2010-05-22,saturday,149.7,-0.2
2010-05-23,sunday,115.3,-1.5
2010-05-24,monday,110,1.6
2010-05-25,tuesday,98.6,-0.8
2010-05-26,wednesday,113.2,-0.1
2010-05-27,thursday,123.5,-1.1
2010-05-28,friday,97.5,1.3
2010-05-29,saturday,118.2,-0.3
2010-05-30,sunday,94.5,-0.6
2010-05-31,monday,87.9,0.4
2010-06-01,tuesday,112.7,0.7
2010-06-02,wednesday,96.1,-0.6
2010-06-03,thursday,116.2,-0.4
2010-06-04,friday,126.8,0.2
2010-06-05,saturday,118.1,-0.4
2010-06-06,sunday,126.5,-2.2
2010-06-07,monday,116.6,-0.4
2010-06-08,tuesday,143.9,-0.9
2010-06-09,wednesday,90.7,-0.6
2010-06-10,thursday,110.7,-1.7
2010-06-11,friday,105,-1.8
2010-06-12,saturday,104.6,-1.3
2010-06-13,sunday,100.4,1.2
2010-06-14,monday,143.3,1.4
2010-06-15,tuesday,142.3,-0.1
2010-06-16,wednesday,129.2,-0.4
2010-06-17,thursday,NA,1.6
2010-06-18,friday,140,-1
2010-06-19,saturday,138.2,-0.8
2010-06-20,sunday,139.8,-0.8
2010-06-21,monday,155.3,0.8
2010-06-22,tuesday,NA,-0.5
2010-06-23,wednesday,NA,-0.1
2010-06-24,thursday,116.4,-1.3
2010-06-25,friday,150.8,0.1
2010-06-26,saturday,137.5,1.7
2010-06-27,sunday,165,1
2010-06-28,monday,134.5,-0.6
2010-06-29,tuesday,136.1,0.2
2010-06-30,wednesday,149.8,0.1
2010-07-01,thursday,159.7,0
2010-07-02,friday,128.9,0
2010-07-03,saturday,142.8,-1.3
2010-07-04,sunday,160.2,0.2
2010-07-05,monday,136.7,-0.4
2010-07-06,tuesday,131.7,0.7
2010-07-07,wednesday,129.5,-0.6
2010-07-08,thursday,160.4,1.3
2010-07-09,friday,157.9,-0.6
2010-07-10,saturday,162.5,0
2010-07-11,sunday,138.9,0.9
2010-07-12,monday,181.2,0
2010-07-13,tuesday,148,-0.9
2010-07-14,wednesday,145.4,1.5
2010-07-15,thursday,165.2,0.2
2010-07-16,friday,146.6,0.2
2010-07-17,saturday,157,-0.6
2010-07-18,sunday,104.1,-1.1
2010-07-19,monday,127.8,0.5
2010-07-20,tuesday,171.3,-0.8
2010-07-21,wednesday,133,2
2010-07-22,thursday,133.8,0
2010-07-23,friday,124.9,-0.9
2010-07-24,saturday,85.2,-1.3
2010-07-25,sunday,132.5,-0.8
2010-07-26,monday,138.2,0.1
2010-07-27,tuesday,132.9,0
2010-07-28,wednesday,134,1.1
2010-07-29,thursday,113.8,-1.1
2010-07-30,friday,133,0.9
2010-07-31,saturday,162.8,0.4
2010-08-01,sunday,163,0
2010-08-02,monday,144.5,-0.4
2010-08-03,tuesday,144.7,-1
2010-08-04,wednesday,133.1,2.6
2010-08-05,thursday,128.4,0.4
2010-08-06,friday,153.4,-0.6
2010-08-07,saturday,121.5,-0.7
2010-08-08,sunday,147.5,-0.5
2010-08-09,monday,110.3,1.8
2010-08-10,tuesday,169,0
2010-08-11,wednesday,135.7,0.2
2010-08-12,thursday,124.2,-1.1
2010-08-13,friday,140.9,-0.4
2010-08-14,saturday,136.2,0
2010-08-15,sunday,141.8,-0.7
2010-08-16,monday,142.8,0.7
2010-08-17,tuesday,105.2,-0.1
2010-08-18,wednesday,142.2,1.6
2010-08-19,thursday,126,-1.9
2010-08-20,friday,NA,-0.1
2010-08-21,saturday,143,0.1
2010-08-22,sunday,132,0.1
2010-08-23,monday,99.6,0.6
2010-08-24,tuesday,182.6,-0.6
2010-08-25,wednesday,129.9,-0.9
2010-08-26,thursday,134.6,-1.7
2010-08-27,friday,118.8,-0.5
2010-08-28,saturday,144.3,1
2010-08-29,sunday,118.4,-0.3
2010-08-30,monday,178,0.4
2010-08-31,tuesday,NA,0
2010-09-01,wednesday,157.7,0.7
2010-09-02,thursday,117.1,0.3
2010-09-03,friday,141.2,-0.8
2010-09-04,saturday,168.3,-1
2010-09-05,sunday,141.1,1.2
2010-09-06,monday,100.8,2.2
2010-09-07,tuesday,160.8,-0.2
2010-09-08,wednesday,109.7,-0.3
2010-09-09,thursday,112.2,2.6
2010-09-10,friday,109.9,-0.8
2010-09-11,saturday,119.9,1.3
2010-09-12,sunday,128.2,-1.4
2010-09-13,monday,177.8,-1.7
2010-09-14,tuesday,136.6,-0.5
2010-09-15,wednesday,126.1,0.4
2010-09-16,thursday,160.4,0.9
2010-09-17,friday,161.1,0.3
2010-09-18,saturday,141.7,0.6
2010-09-19,sunday,140.2,0.8
2010-09-20,monday,145.9,-0.4
2010-09-21,tuesday,178.4,1.5
2010-09-22,wednesday,136,0
2010-09-23,thursday,151.6,-1.4
2010-09-24,friday,148.6,-0.4
2010-09-25,saturday,117.8,1.4
2010-09-26,sunday,158.3,-1.2
2010-09-27,monday,153.9,0.5
2010-09-28,tuesday,140.5,0.4
2010-09-29,wednesday,149.8,-1.5
2010-09-30,thursday,146.7,0.5
2010-10-01,friday,157.1,0.4
2010-10-02,saturday,154.6,0
2010-10-03,sunday,144.9,0.6
2010-10-04,monday,NA,-0.7
2010-10-05,tuesday,NA,0
2010-10-06,wednesday,161.8,0.4
2010-10-07,thursday,NA,1.1
2010-10-08,friday,149.8,0.4
2010-10-09,saturday,181.1,1.1
2010-10-10,sunday,NA,0
2010-10-11,monday,207,-0.4
2010-10-12,tuesday,135.8,-3.2
2010-10-13,wednesday,176.8,0.4
2010-10-14,thursday,176.6,-1.5
2010-10-15,friday,174.8,-0.7
2010-10-16,saturday,147.3,0.1
2010-10-17,sunday,149.5,0
2010-10-18,monday,141.5,0.8
2010-10-19,tuesday,167.1,-0.6
2010-10-20,wednesday,170.6,-0.7
2010-10-21,thursday,173.5,0.9
2010-10-22,friday,168.6,0.2
2010-10-23,saturday,157.5,1.6
2010-10-24,sunday,158.8,-0.4
2010-10-25,monday,127.8,-0.4
2010-10-26,tuesday,169.4,-1.4
2010-10-27,wednesday,146.4,1
2010-10-28,thursday,142.5,-0.9
2010-10-29,friday,148.9,0.1
2010-10-30,saturday,193,-0.4
2010-10-31,sunday,147.5,-1.8
2010-11-01,monday,191.9,-1.6
2010-11-02,tuesday,192,-0.2
2010-11-03,wednesday,164,1.2
2010-11-04,thursday,131.4,0.7
2010-11-05,friday,159.8,0.7
2010-11-06,saturday,180.3,-0.7
2010-11-07,sunday,146.1,-1.5
2010-11-08,monday,142.9,-0.2
2010-11-09,tuesday,173.6,0
2010-11-10,wednesday,NA,0.8
2010-11-11,thursday,178.9,-0.6
2010-11-12,friday,134.5,0.1
2010-11-13,saturday,113.6,1
2010-11-14,sunday,175.3,0.6
2010-11-15,monday,173.6,-1.3
2010-11-16,tuesday,160.4,-1.7
2010-11-17,wednesday,162.7,-1
2010-11-18,thursday,142.2,0
2010-11-19,friday,150.2,-0.4
2010-11-20,saturday,126.8,0.4
2010-11-21,sunday,144.1,0.8
2010-11-22,monday,119.4,0.1
2010-11-23,tuesday,173.2,-0.9
2010-11-24,wednesday,153.6,1.9
2010-11-25,thursday,129.2,-1
2010-11-26,friday,104.1,-0.6
2010-11-27,saturday,133,0.1
2010-11-28,sunday,153,1.3
2010-11-29,monday,171.2,-1.3
2010-11-30,tuesday,164.5,0.2
2010-12-01,wednesday,160.3,-1.7
2010-12-02,thursday,158.3,1.6
2010-12-03,friday,162.1,0.5
2010-12-04,saturday,166.8,0.1
2010-12-05,sunday,95.8,0.5
2010-12-06,monday,131.6,1.2
2010-12-07,tuesday,138.9,-0.9
2010-12-08,wednesday,160.1,-0.4
2010-12-09,thursday,142.4,0.1
2010-12-10,friday,152.4,-0.6
2010-12-11,saturday,179.5,1.9
2010-12-12,sunday,119.6,-0.6
2010-12-13,monday,121.7,-0.2
2010-12-14,tuesday,120.2,-0.3
2010-12-15,wednesday,135.4,-0.9
2010-12-16,thursday,139.9,0.2
2010-12-17,friday,167.2,-0.4
2010-12-18,saturday,146.1,-3.2
2010-12-19,sunday,150.3,0.3
2010-12-20,monday,146.3,1.6
2010-12-21,tuesday,164.7,0.2
2010-12-22,wednesday,140.4,-0.1
2010-12-23,thursday,176.5,0
2010-12-24,friday,143.7,-0.3
2010-12-25,saturday,161.9,0.4
2010-12-26,sunday,185.6,0.2
2010-12-27,monday,162.5,0.1
2010-12-28,tuesday,152.7,-0.5
2010-12-29,wednesday,152.9,-0.4
2010-12-30,thursday,142.8,-1.2
2010-12-31,friday,172,1
2011-01-01,saturday,147.1,0.5
2011-01-02,sunday,180,-0.5
2011-01-03,monday,186.7,0.3
2011-01-04,tuesday,143.4,-0.4
2011-01-05,wednesday,170.1,-1.7
2011-01-06,thursday,159.1,0
2011-01-07,friday,144,0.6
2011-01-08,saturday,171.8,-1.3
2011-01-09,sunday,180.3,1.2
2011-01-10,monday,172.2,-1.1
2011-01-11,tuesday,172.8,0.4
2011-01-12,wednesday,183.2,-0.3
2011-01-13,thursday,175.7,1.3
2011-01-14,friday,171.4,-1.2
2011-01-15,saturday,213.1,1
2011-01-16,sunday,178.6,0.3
2011-01-17,monday,139.1,0.6
2011-01-18,tuesday,189.6,-0.1
2011-01-19,wednesday,164.3,0.8
2011-01-20,thursday,173.4,-1.2
2011-01-21,friday,235.2,1.1
2011-01-22,saturday,156.6,-0.5
2011-01-23,sunday,180.3,0.8
2011-01-24,monday,173.3,-0.7
2011-01-25,tuesday,155,-0.5
2011-01-26,wednesday,178.6,1.5
2011-01-27,thursday,154.6,1.3
2011-01-28,friday,174.8,2.3
2011-01-29,saturday,183.1,-2
2011-01-30,sunday,147.4,-2.2
2011-01-31,monday,178.3,0.7
2011-02-01,tuesday,171.5,-1.6
2011-02-02,wednesday,130.4,2.1
2011-02-03,thursday,175.3,-0.3
2011-02-04,friday,189.9,-0.5
2011-02-05,saturday,140.5,1
2011-02-06,sunday,166.2,1
2011-02-07,monday,159.3,-0.8
2011-02-08,tuesday,167.4,-0.2
2011-02-09,wednesday,151.8,0.7
2011-02-10,thursday,142.9,0.8
2011-02-11,friday,121.5,-0.3
2011-02-12,saturday,133.9,0.4
2011-02-13,sunday,156.6,-0.1
2011-02-14,monday,154.8,-0.2
2011-02-15,tuesday,168.4,0.3
2011-02-16,wednesday,183.1,2.4
2011-02-17,thursday,148.4,-2.5
2011-02-18,friday,168.4,1.9
2011-02-19,saturday,167.2,0.7
2011-02-20,sunday,143.8,-1.5
2011-02-21,monday,175.3,0.2
2011-02-22,tuesday,145.4,-2.5
2011-02-23,wednesday,140,0.6
2011-02-24,thursday,180.2,-1.1
2011-02-25,friday,120.3,-0.4
2011-02-26,saturday,159.1,-1.6
2011-02-27,sunday,156,-1.5
2011-02-28,monday,148.6,-0.4
2011-03-01,tuesday,138,-1.1
2011-03-02,wednesday,153.7,1.4
2011-03-03,thursday,166.3,-0.1
2011-03-04,friday,161.2,0.7
2011-03-05,saturday,159.4,2.2
2011-03-06,sunday,154.6,0.5
2011-03-07,monday,161.2,1.1
2011-03-08,tuesday,188.2,2
2011-03-09,wednesday,192.4,1.4
2011-03-10,thursday,142.5,0.8
2011-03-11,friday,116.8,-0.6
2011-03-12,saturday,127.7,1.5
2011-03-13,sunday,155.8,-0.2
2011-03-14,monday,155.6,-0.9
2011-03-15,tuesday,208.2,-0.5
2011-03-16,wednesday,138.8,-2
2011-03-17,thursday,131.4,-1.7
2011-03-18,friday,162.8,1.2
2011-03-19,saturday,NA,-0.2
2011-03-20,sunday,183.2,-0.6
2011-03-21,monday,159.6,-1.1
2011-03-22,tuesday,131.3,1.1
2011-03-23,wednesday,187.7,0.2
2011-03-24,thursday,155.5,0.2
2011-03-25,friday,201.9,-0.6
2011-03-26,saturday,169.9,0.7
2011-03-27,sunday,223.9,-0.1
2011-03-28,monday,158,1.6
2011-03-29,tuesday,181.5,0
2011-03-30,wednesday,167.5,1.5
2011-03-31,thursday,175.5,-1.2
2011-04-01,friday,176,-0.4
2011-04-02,saturday,149.5,-0.7
2011-04-03,sunday,188.1,0.3
2011-04-04,monday,171.5,-2.5
2011-04-05,tuesday,176.6,-0.9
2011-04-06,wednesday,157.3,0.2
2011-04-07,thursday,139,-0.8
2011-04-08,friday,152.8,-0.9
2011-04-09,saturday,174.8,0.5
2011-04-10,sunday,166,-1.4
2011-04-11,monday,188.5,-0.6
2011-04-12,tuesday,160,0.3
2011-04-13,wednesday,171.2,-0.7
2011-04-14,thursday,143.6,1.8
2011-04-15,friday,185.4,-1
2011-04-16,saturday,196,-0.5
2011-04-17,sunday,177.3,-1.9
2011-04-18,monday,210.6,0.2
2011-04-19,tuesday,204.1,0.6
2011-04-20,wednesday,193,2.5
2011-04-21,thursday,179.3,0.1
2011-04-22,friday,184.7,-0.9
2011-04-23,saturday,210.2,0.2
2011-04-24,sunday,147.9,2.5
2011-04-25,monday,171,1.1
2011-04-26,tuesday,155,0.5
2011-04-27,wednesday,161.8,0.6
2011-04-28,thursday,186,0.2
2011-04-29,friday,202.4,0.7
2011-04-30,saturday,158.1,0.8
2011-05-01,sunday,153.4,-1.6
2011-05-02,monday,181,-1.1
2011-05-03,tuesday,186.5,-0.3
2011-05-04,wednesday,168.4,-0.9
2011-05-05,thursday,181.3,0.8
2011-05-06,friday,163.4,2
2011-05-07,saturday,190.9,1
2011-05-08,sunday,176.5,0.4
2011-05-09,monday,152.2,0.9
2011-05-10,tuesday,135.4,1.9
2011-05-11,wednesday,178.1,1.2
2011-05-12,thursday,127.7,-0.1
2011-05-13,friday,148.7,-1.5
2011-05-14,saturday,179.7,0.1
2011-05-15,sunday,149.1,-1.4
2011-05-16,monday,124,-0.7
2011-05-17,tuesday,128.3,1.3
2011-05-18,wednesday,212,-0.1
2011-05-19,thursday,137,0.3
2011-05-20,friday,NA,-0.7
2011-05-21,saturday,210.3,-0.5
2011-05-22,sunday,190.8,-0.7
2011-05-23,monday,166.3,0.2
2011-05-24,tuesday,160.2,-0.2
2011-05-25,wednesday,190.2,-1.3
2011-05-26,thursday,152,1.5
2011-05-27,friday,147.4,-0.7
2011-05-28,saturday,152.1,0.7
2011-05-29,sunday,157.9,0.5
2011-05-30,monday,157,0
2011-05-31,tuesday,190.2,-0.3
2011-06-01,wednesday,165.3,-1.7
2011-06-02,thursday,177,-0.5
2011-06-03,friday,145.6,-2.1
2011-06-04,saturday,134.2,-0.3
2011-06-05,sunday,129.1,0.8
2011-06-06,monday,177.8,-0.4
2011-06-07,tuesday,165.9,-0.1
2011-06-08,wednesday,164.5,-1.7
2011-06-09,thursday,149.6,-0.2
2011-06-10,friday,187.5,-3.4
2011-06-11,saturday,130.6,-0.4
2011-06-12,sunday,173.1,1.6
2011-06-13,monday,163.1,-1.4
2011-06-14,tuesday,195.3,0.4
2011-06-15,wednesday,178.6,-1.1
2011-06-16,thursday,177.7,-0.8
2011-06-17,friday,197.7,-1
2011-06-18,saturday,164.7,-0.4
2011-06-19,sunday,189.6,0.3
2011-06-20,monday,191.1,1.4
2011-06-21,tuesday,184.1,0.2
2011-06-22,wednesday,173.5,2.1
2011-06-23,thursday,167.7,-0.5
2011-06-24,friday,205.7,-1.5
2011-06-25,saturday,180.3,-0.9
2011-06-26,sunday,204,0.3
2011-06-27,monday,172.5,-1
2011-06-28,tuesday,221.9,-0.3
2011-06-29,wednesday,151.4,-1.1
2011-06-30,thursday,204.2,-2.1
2011-07-01,friday,174.8,1
2011-07-02,saturday,165.2,0.2
2011-07-03,sunday,206.7,1.4
2011-07-04,monday,201.2,-1.4
2011-07-05,tuesday,244,0.8
2011-07-06,wednesday,220.9,0.3
2011-07-07,thursday,157.7,0
2011-07-08,friday,203.6,0.1
2011-07-09,saturday,194.6,0.6
2011-07-10,sunday,173.7,-0.1
2011-07-11,monday,196.8,-0.4
2011-07-12,tuesday,167.9,0.1
2011-07-13,wednesday,179.2,-0.5
2011-07-14,thursday,199.4,0.6
2011-07-15,friday,170,0.5
2011-07-16,saturday,184.9,-3
2011-07-17,sunday,196.5,-0.4
2011-07-18,monday,167.5,0.7
2011-07-19,tuesday,176.6,-1.9
2011-07-20,wednesday,150.9,0.5
2011-07-21,thursday,251.9,-0.4
2011-07-22,friday,229.9,0.1
2011-07-23,saturday,206.9,1.1
2011-07-24,sunday,189.2,-1.6
2011-07-25,monday,147.5,-0.6
2011-07-26,tuesday,184,-0.8
2011-07-27,wednesday,178.6,0.5
2011-07-28,thursday,217.3,-1.4
2011-07-29,friday,167.6,0.9
2011-07-30,saturday,196.8,-0.2
2011-07-31,sunday,175.5,1.6
2011-08-01,monday,195.9,0.9
2011-08-02,tuesday,173.1,-0.6
2011-08-03,wednesday,172.3,1.6
2011-08-04,thursday,243.3,1.3
2011-08-05,friday,184.6,0.1
2011-08-06,saturday,174,0
2011-08-07,sunday,178.2,-0.8
2011-08-08,monday,185.6,1.1
2011-08-09,tuesday,190.8,0.6
2011-08-10,wednesday,165.4,0
2011-08-11,thursday,158.7,-1
2011-08-12,friday,187.9,-0.8
2011-08-13,saturday,140.1,0.6
2011-08-14,sunday,177,1.1
2011-08-15,monday,212.5,0.2
2011-08-16,tuesday,162.9,0.7
2011-08-17,wednesday,150.8,-2.3
2011-08-18,thursday,187.3,-0.2
2011-08-19,friday,150.8,1.1
2011-08-20,saturday,153.2,1.1
2011-08-21,sunday,155,0.8
2011-08-22,monday,NA,1.4
2011-08-23,tuesday,166,-0.6
2011-08-24,wednesday,155.3,-0.2
2011-08-25,thursday,202.9,-0.7
2011-08-26,friday,151.2,-0.4
2011-08-27,saturday,158,-0.3
2011-08-28,sunday,149.5,-1.2
2011-08-29,monday,202.9,1.8
2011-08-30,tuesday,157.6,2.4
2011-08-31,wednesday,184.1,0.7
2011-09-01,thursday,158.4,0.1
2011-09-02,friday,186.5,-0.2
2011-09-03,saturday,211.8,0.2
2011-09-04,sunday,179.8,-0.1
2011-09-05,monday,198.5,0.9
2011-09-06,tuesday,201.1,-0.9
2011-09-07,wednesday,164.4,-0.1
2011-09-08,thursday,179.9,-0.3
2011-09-09,friday,172.4,1.4
2011-09-10,saturday,191,1.6
2011-09-11,sunday,219.4,-0.1
2011-09-12,monday,170.9,0.4
2011-09-13,tuesday,181.6,1
2011-09-14,wednesday,189.1,3
2011-09-15,thursday,190.1,0.1
2011-09-16,friday,212.8,0.4
2011-09-17,saturday,175.4,0.1
2011-09-18,sunday,188,-1.5
2011-09-19,monday,202,-0.3
2011-09-20,tuesday,240.4,2.3
2011-09-21,wednesday,202.3,-0.4
2011-09-22,thursday,192.6,-0.8
2011-09-23,friday,158.4,-0.3
2011-09-24,saturday,209.7,-1.1
2011-09-25,sunday,195.5,0
2011-09-26,monday,196.3,-1.2
2011-09-27,tuesday,NA,-0.3
2011-09-28,wednesday,209.5,0.6
2011-09-29,thursday,228.3,-0.2
2011-09-30,friday,179.3,0.4
2011-10-01,saturday,182.6,-1.7
2011-10-02,sunday,206,0.3
2011-10-03,monday,211.4,-1.9
2011-10-04,tuesday,207.7,-2.3
2011-10-05,wednesday,187.7,-0.1
2011-10-06,thursday,194.7,0.3
2011-10-07,friday,182.1,0.2
2011-10-08,saturday,193.3,0.3
2011-10-09,sunday,228.9,0.2
2011-10-10,monday,160.3,0.6
2011-10-11,tuesday,188,0.1
2011-10-12,wednesday,197.1,-1.5
2011-10-13,thursday,235.4,-1
2011-10-14,friday,226.1,-1.5
2011-10-15,saturday,203.1,0.6
2011-10-16,sunday,204.1,0
2011-10-17,monday,202.4,-0.4
2011-10-18,tuesday,194.1,-0.5
2011-10-19,wednesday,223.4,-0.5
2011-10-20,thursday,174.6,-1.4
2011-10-21,friday,175.9,0.2
2011-10-22,saturday,197.9,1.4
2011-10-23,sunday,175.2,-0.5
2011-10-24,monday,191.6,0.6
2011-10-25,tuesday,159.7,-0.4
2011-10-26,wednesday,210.4,-0.7
2011-10-27,thursday,176.9,-1
2011-10-28,friday,164.6,-0.8
2011-10-29,saturday,196.4,-0.4
2011-10-30,sunday,171.9,-1
2011-10-31,monday,182.2,2.3
2011-11-01,tuesday,201.8,0.5
2011-11-02,wednesday,171,-1.2
2011-11-03,thursday,196.3,1.9
2011-11-04,friday,172.2,1.7
2011-11-05,saturday,187.3,-0.5
2011-11-06,sunday,196,-1.3
2011-11-07,monday,181.4,0.2
2011-11-08,tuesday,178.7,-0.9
2011-11-09,wednesday,201.7,0
2011-11-10,thursday,200.6,-1.4
2011-11-11,friday,214.7,0.6
2011-11-12,saturday,174.2,1.6
2011-11-13,sunday,185.7,1.4
2011-11-14,monday,183.9,-0.3
2011-11-15,tuesday,210.3,-0.6
2011-11-16,wednesday,145.4,-2.2
2011-11-17,thursday,222,0.8
2011-11-18,friday,176.2,1.7
2011-11-19,saturday,175.7,0.4
2011-11-20,sunday,140.4,0
2011-11-21,monday,188.2,-0.7
2011-11-22,tuesday,200,0.8
2011-11-23,wednesday,182.7,-0.8
2011-11-24,thursday,143.7,-1.3
2011-11-25,friday,178.7,0.2
2011-11-26,saturday,176,0.2
2011-11-27,sunday,184.6,-0.3
2011-11-28,monday,149.1,0.6
2011-11-29,tuesday,162.1,1.6
2011-11-30,wednesday,176.4,0.4
2011-12-01,thursday,NA,-0.6
2011-12-02,friday,NA,0.4
2011-12-03,saturday,165.7,-0.2
2011-12-04,sunday,167.4,0.5
2011-12-05,monday,191.1,0.3
2011-12-06,tuesday,183.9,0.2
2011-12-07,wednesday,193.6,-2.2
2011-12-08,thursday,175.6,0.5
2011-12-09,friday,173,-0.4
2011-12-10,saturday,208.2,-0.2
2011-12-11,sunday,145.4,-0.1
2011-12-12,monday,162.5,0.5
2011-12-13,tuesday,181.2,0.4
2011-12-14,wednesday,171.3,0.5
2011-12-15,thursday,166.7,-0.7
2011-12-16,friday,173.6,-0.6
2011-12-17,saturday,174.3,1
2011-12-18,sunday,169.6,1.3
2011-12-19,monday,188.7,-0.9
2011-12-20,tuesday,186.4,0.3
2011-12-21,wednesday,195.8,0.7
2011-12-22,thursday,179.5,1.2
2011-12-23,friday,169,-1.6
2011-12-24,saturday,187.9,0.5
2011-12-25,sunday,142.6,-0.9
2011-12-26,monday,183.8,-2.1
2011-12-27,tuesday,222.2,-2.1
2011-12-28,wednesday,191.7,0.5
2011-12-29,thursday,187.1,0.2
2011-12-30,friday,218.6,0.2
2011-12-31,saturday,238.9,0.1
2012-01-01,sunday,193.4,0.7
2012-01-02,monday,195.6,0.1
2012-01-03,tuesday,205.9,0
2012-01-04,wednesday,205,-0.2
2012-01-05,thursday,236.8,0.4
2012-01-06,friday,193.9,-1
2012-01-07,saturday,207.5,-1
2012-01-08,sunday,202,0.3
2012-01-09,monday,244.8,1.1
2012-01-10,tuesday,198.1,-0.8
2012-01-11,wednesday,209.2,2
2012-01-12,thursday,179.6,1.2
2012-01-13,friday,207.2,-1.4
2012-01-14,saturday,187.4,0.4
2012-01-15,sunday,206.9,0.8
2012-01-16,monday,206.2,0.4
2012-01-17,tuesday,195.7,1.9
2012-01-18,wednesday,173.9,-0.6
2012-01-19,thursday,204.2,-0.1
2012-01-20,friday,234.6,0.2
2012-01-21,saturday,204.8,0.4
2012-01-22,sunday,197.1,1.6
2012-01-23,monday,211.4,-0.3
2012-01-24,tuesday,192.9,1.4
2012-01-25,wednesday,207.5,-0.8
2012-01-26,thursday,220.2,-1.3
2012-01-27,friday,208.1,1
2012-01-28,saturday,191.4,0.6
2012-01-29,sunday,188.8,-1.3
2012-01-30,monday,203.5,1
2012-01-31,tuesday,202,0.3
2012-02-01,wednesday,202,0.9
2012-02-02,thursday,190.3,-0.6
2012-02-03,friday,196.7,0.4
2012-02-04,saturday,208.8,-0.1
2012-02-05,sunday,208.4,1.3
2012-02-06,monday,169.9,-0.3
2012-02-07,tuesday,173.6,0.6
2012-02-08,wednesday,201.3,-0.9
2012-02-09,thursday,174.4,-0.7
2012-02-10,friday,198.7,0.7
2012-02-11,saturday,189.3,-0.7
2012-02-12,sunday,203.5,-0.8
2012-02-13,monday,NA,-0.9
2012-02-14,tuesday,198.8,1.3
2012-02-15,wednesday,184.5,3.1
2012-02-16,thursday,204.3,0
2012-02-17,friday,215.1,0.4
2012-02-18,saturday,180.3,-1.1
2012-02-19,sunday,173.6,0.4
2012-02-20,monday,182.2,-0.1
2012-02-21,tuesday,212.7,-0.5
2012-02-22,wednesday,174.5,-0.6
2012-02-23,thursday,156.3,0.2
2012-02-24,friday,198.3,-0.8
2012-02-25,saturday,182.4,-0.2
2012-02-26,sunday,206.6,0.2
2012-02-27,monday,154.3,-0.8
2012-02-28,tuesday,149.1,-1.7
2012-02-29,wednesday,187.4,0.8
2012-03-01,thursday,191.7,-0.3
2012-03-02,friday,166,1.7
2012-03-03,saturday,190.3,1.7
2012-03-04,sunday,184.4,0.2
2012-03-05,monday,187.4,-1.1
2012-03-06,tuesday,183.8,1
2012-03-07,wednesday,188.7,0.3
2012-03-08,thursday,188.8,-0.1
2012-03-09,friday,203,-1.1
2012-03-10,saturday,186.5,-0.8
2012-03-11,sunday,183.3,-0.4
2012-03-12,monday,202.1,0.3
2012-03-13,tuesday,190.1,-0.3
2012-03-14,wednesday,204,0.2
2012-03-15,thursday,170.6,0.6
2012-03-16,friday,138.7,-0.2
2012-03-17,saturday,203,-1
2012-03-18,sunday,202,1.2
2012-03-19,monday,228.9,0
2012-03-20,tuesday,188.9,1.6
2012-03-21,wednesday,210,2
2012-03-22,thursday,208.8,1.2
2012-03-23,friday,204.3,2.5
2012-03-24,saturday,214.4,0.8
2012-03-25,sunday,204.8,-0.6
2012-03-26,monday,200.9,0.1
2012-03-27,tuesday,203.9,0.7
2012-03-28,wednesday,185.8,0.6
2012-03-29,thursday,197.7,-0.5
2012-03-30,friday,244.6,1.9
2012-03-31,saturday,209.7,1.9
2012-04-01,sunday,188,-0.3
2012-04-02,monday,210.7,-0.4
2012-04-03,tuesday,220.4,0.7
2012-04-04,wednesday,214.3,-0.7
2012-04-05,thursday,215.5,1.9
2012-04-06,friday,238.1,-0.8
2012-04-07,saturday,195.3,-1.6
2012-04-08,sunday,214.7,-0.4
2012-04-09,monday,200.9,1.1
2012-04-10,tuesday,182.3,1.4
2012-04-11,wednesday,179.1,0.9
2012-04-12,thursday,194.2,-0.6
2012-04-13,friday,183.3,0.1
2012-04-14,saturday,205.7,0.3
2012-04-15,sunday,184.6,1.4
2012-04-16,monday,198.1,1.2
2012-04-17,tuesday,212.7,-1.9
2012-04-18,wednesday,226.4,-0.9
2012-04-19,thursday,188,0
2012-04-20,friday,181.3,-0.5
2012-04-21,saturday,218.2,1
2012-04-22,sunday,229.9,1.3
2012-04-23,monday,215.9,0.9
2012-04-24,tuesday,172.6,1.4
2012-04-25,wednesday,163.9,0.3
2012-04-26,thursday,234.4,1.4
2012-04-27,friday,196.4,0
2012-04-28,saturday,232.5,1.6
2012-04-29,sunday,224.4,0
2012-04-30,monday,212.4,0.5
2012-05-01,tuesday,213.5,-0.2
2012-05-02,wednesday,227.7,0
2012-05-03,thursday,188.6,1.3
2012-05-04,friday,206.9,1
2012-05-05,saturday,197,0
2012-05-06,sunday,222.5,0.2
2012-05-07,monday,208.1,-1.9
2012-05-08,tuesday,171.7,0.1
2012-05-09,wednesday,218.5,1.6
2012-05-10,thursday,169.7,-0.6
2012-05-11,friday,191.1,-1.4
2012-05-12,saturday,210.6,0.5
2012-05-13,sunday,190.7,1.5
2012-05-14,monday,215.9,-0.5
2012-05-15,tuesday,156.8,1.2
2012-05-16,wednesday,168.6,0
2012-05-17,thursday,185.5,0.2
2012-05-18,friday,180.6,0
2012-05-19,saturday,195.7,-0.9
2012-05-20,sunday,207,-1.4
2012-05-21,monday,174.9,2.2
2012-05-22,tuesday,203.2,0.1
2012-05-23,wednesday,185.1,0.1
2012-05-24,thursday,146.3,0.6
2012-05-25,friday,197.6,0.2
2012-05-26,saturday,218.4,0.1
2012-05-27,sunday,182.7,-0.5
2012-05-28,monday,201.8,-0.8
2012-05-29,tuesday,176.2,0.8
2012-05-30,wednesday,193.5,0.4
2012-05-31,thursday,202.1,-0.7
2012-06-01,friday,195.6,-1
2012-06-02,saturday,178.4,0.9
2012-06-03,sunday,149.9,1.3
2012-06-04,monday,NA,0.8
2012-06-05,tuesday,160.1,-0.7
2012-06-06,wednesday,146.6,0.4
2012-06-07,thursday,194.7,-1.5
2012-06-08,friday,193.5,1.1
2012-06-09,saturday,190.1,-0.2
2012-06-10,sunday,152.6,-0.3
2012-06-11,monday,192.9,-0.6
2012-06-12,tuesday,187,2
2012-06-13,wednesday,193.9,1.6
2012-06-14,thursday,109.6,-0.3
2012-06-15,friday,175,0.8
2012-06-16,saturday,184.1,0
2012-06-17,sunday,166.5,1.4
2012-06-18,monday,207.9,0.4
2012-06-19,tuesday,205.3,-0.9
2012-06-20,wednesday,NA,-0.4
2012-06-21,thursday,232.1,-0.2
2012-06-22,friday,215.4,0.4
2012-06-23,saturday,189.8,1.3
2012-06-24,sunday,208.5,0.1
2012-06-25,monday,217.4,3
2012-06-26,tuesday,191.7,1.3
2012-06-27,wednesday,199.8,-0.6
2012-06-28,thursday,200.5,1.2
2012-06-29,friday,244.4,1.7
2012-06-30,saturday,204.3,1.9
2012-07-01,sunday,202.1,-0.4
2012-07-02,monday,185,0.3
2012-07-03,tuesday,229.6,0.8
2012-07-04,wednesday,216.6,0.5
2012-07-05,thursday,196,-1.3
2012-07-06,friday,215.7,-0.1
2012-07-07,saturday,225.7,1.1
2012-07-08,sunday,206.2,0.4
2012-07-09,monday,195.6,1.1
2012-07-10,tuesday,250.2,-0.1
2012-07-11,wednesday,238.4,-1.3
2012-07-12,thursday,213.8,-0.5
2012-07-13,friday,213.3,0.3
2012-07-14,saturday,188,-0.8
2012-07-15,sunday,179,2.3
2012-07-16,monday,206.4,0.4
2012-07-17,tuesday,216,-1.9
2012-07-18,wednesday,199.4,0.5
2012-07-19,thursday,167.5,0.1
2012-07-20,friday,189,0.9
2012-07-21,saturday,202.6,0.6
2012-07-22,sunday,206.6,0.1
2012-07-23,monday,231.5,0.9
2012-07-24,tuesday,208.6,-0.6
2012-07-25,wednesday,197.1,-0.6
2012-07-26,thursday,168.4,0.7
2012-07-27,friday,186.5,-1.1
2012-07-28,saturday,200.2,-0.9
2012-07-29,sunday,183.7,-0.7
2012-07-30,monday,231.7,-1.7
2012-07-31,tuesday,205.4,1.4
2012-08-01,wednesday,220.1,-1.1
2012-08-02,thursday,193.6,1
2012-08-03,friday,207.3,-0.3
2012-08-04,saturday,252.6,-1.3
2012-08-05,sunday,213.9,-1.3
2012-08-06,monday,216.8,2.2
2012-08-07,tuesday,229.7,-0.7
2012-08-08,wednesday,186.3,-0.9
2012-08-09,thursday,212.8,0.4
2012-08-10,friday,210.1,-0.6
2012-08-11,saturday,207.2,-0.1
2012-08-12,sunday,185.5,0.3
2012-08-13,monday,191.2,-2
2012-08-14,tuesday,179.9,-0.2
2012-08-15,wednesday,160.2,-1.1
2012-08-16,thursday,174.2,0.8
2012-08-17,friday,198.3,-0.6
2012-08-18,saturday,174.7,-0.9
2012-08-19,sunday,184.7,1.5
2012-08-20,monday,237.7,1
2012-08-21,tuesday,228.7,0.2
2012-08-22,wednesday,229.7,-0.4
2012-08-23,thursday,159.8,-1.6
2012-08-24,friday,198.8,-0.3
2012-08-25,saturday,164.5,-0.5
2012-08-26,sunday,178,-0.4
2012-08-27,monday,194.8,0.3
2012-08-28,tuesday,189.4,-1.7
2012-08-29,wednesday,220.5,-0.7
2012-08-30,thursday,211,0
2012-08-31,friday,167,1.8
2012-09-01,saturday,198.2,1.6
2012-09-02,sunday,198.6,-1
2012-09-03,monday,159.2,-0.9
2012-09-04,tuesday,176,-0.3
2012-09-05,wednesday,208,-1.6
2012-09-06,thursday,195.6,-0.5
2012-09-07,friday,183.5,-0.1
2012-09-08,saturday,214.7,-1.2
2012-09-09,sunday,174.9,1.7
2012-09-10,monday,194.7,0.6
2012-09-11,tuesday,220.4,-1.1
2012-09-12,wednesday,199.6,0.4
2012-09-13,thursday,190.9,0.4
2012-09-14,friday,171.1,1.6
2012-09-15,saturday,207.9,-1.4
2012-09-16,sunday,196.5,-0.7
2012-09-17,monday,203.2,-1
2012-09-18,tuesday,200.6,0
2012-09-19,wednesday,229.9,0.2
2012-09-20,thursday,214.5,-0.4
2012-09-21,friday,199.7,0.3
2012-09-22,saturday,231.4,-0.8
2012-09-23,sunday,219.6,0.6
2012-09-24,monday,173.2,1.6
2012-09-25,tuesday,161.5,-1
2012-09-26,wednesday,195.5,0.1
2012-09-27,thursday,184.8,-0.8
2012-09-28,friday,181.1,2.7
2012-09-29,saturday,206.3,0.4
2012-09-30,sunday,201.1,-2.1
2012-10-01,monday,198.2,-2.6
2012-10-02,tuesday,200.3,1.7
2012-10-03,wednesday,214.9,0.9
2012-10-04,thursday,222.4,-0.8
2012-10-05,friday,219.1,-1.8
2012-10-06,saturday,208,1.1
2012-10-07,sunday,194.6,0.8
2012-10-08,monday,236.2,-2.5
2012-10-09,tuesday,220.4,-0.2
2012-10-10,wednesday,193.8,0.8
2012-10-11,thursday,274.6,0.8
2012-10-12,friday,242,1
2012-10-13,saturday,189,1
2012-10-14,sunday,239.9,-1.3
2012-10-15,monday,190.9,-1.6
2012-10-16,tuesday,192,0.1
2012-10-17,wednesday,183,-0.2
2012-10-18,thursday,195.1,1.3
2012-10-19,friday,213,-0.6
2012-10-20,saturday,219.2,-0.4
2012-10-21,sunday,197.1,0.2
2012-10-22,monday,240.6,-0.5
2012-10-23,tuesday,223.5,0.1
2012-10-24,wednesday,212.4,-0.3
2012-10-25,thursday,236.7,-1.7
2012-10-26,friday,225.9,0.7
2012-10-27,saturday,164.8,-0.4
2012-10-28,sunday,188.2,-1
2012-10-29,monday,NA,0.4
2012-10-30,tuesday,189.7,0.7
2012-10-31,wednesday,210.6,-0.7
2012-11-01,thursday,213.9,1.9
2012-11-02,friday,236.9,0
2012-11-03,saturday,186.5,-1.1
2012-11-04,sunday,216.7,-0.3
2012-11-05,monday,220.9,0.4
2012-11-06,tuesday,176.6,-0.9
2012-11-07,wednesday,190.3,1.3
2012-11-08,thursday,214.5,-0.4
2012-11-09,friday,178.9,0.3
2012-11-10,saturday,206.5,1.6
2012-11-11,sunday,210.5,-1.3
2012-11-12,monday,165.1,-1.2
2012-11-13,tuesday,175.4,-0.7
2012-11-14,wednesday,199.7,-0.1
2012-11-15,thursday,196.7,-0.7
2012-11-16,friday,195.4,1.7
2012-11-17,saturday,147.1,0.8
2012-11-18,sunday,200.6,1.4
2012-11-19,monday,178.4,0.9
2012-11-20,tuesday,205.3,1.3
2012-11-21,wednesday,187.6,0.1
2012-11-22,thursday,188.7,-0.1
2012-11-23,friday,208.2,0.6
2012-11-24,saturday,187.6,-0.6
2012-11-25,sunday,200.8,0.2
2012-11-26,monday,175.3,3.5
2012-11-27,tuesday,174.8,0.3
2012-11-28,wednesday,170.2,0.5
2012-11-29,thursday,171.6,0.7
2012-11-30,friday,188,-1.4
2012-12-01,saturday,169.8,0.8
2012-12-02,sunday,213.7,-0.9
2012-12-03,monday,179.2,1.3
2012-12-04,tuesday,184.8,1.8
2012-12-05,wednesday,156.9,-1.9
2012-12-06,thursday,153,-1.1
2012-12-07,friday,179.2,1.3
2012-12-08,saturday,190.5,-1.1
2012-12-09,sunday,208.1,-0.7
2012-12-10,monday,195.4,0.7
2012-12-11,tuesday,213.6,-0.1
2012-12-12,wednesday,169.1,-1.7
2012-12-13,thursday,172.8,0.2
2012-12-14,friday,190.9,0.6
2012-12-15,saturday,179,1.8
2012-12-16,sunday,132,0
2012-12-17,monday,189.8,-0.6
2012-12-18,tuesday,170.8,-2.1
2012-12-19,wednesday,202.8,0.1
2012-12-20,thursday,197.5,-0.4
2012-12-21,friday,205.4,1
2012-12-22,saturday,237.5,0.7
2012-12-23,sunday,222.1,-0.5
2012-12-24,monday,221,1.2
2012-12-25,tuesday,191.4,1.2
2012-12-26,wednesday,220.4,0.5
2012-12-27,thursday,223.4,0
2012-12-28,friday,217,-0.5
2012-12-29,saturday,244.3,-1.9
2012-12-30,sunday,215.7,-2.7
2012-12-31,monday,229.6,-0.8
2013-01-01,tuesday,238.1,0.5
2013-01-02,wednesday,152.2,-1.4
2013-01-03,thursday,202.2,-1
2013-01-04,friday,230.4,-1
2013-01-05,saturday,251.6,-1.3
2013-01-06,sunday,227.9,-0.2
2013-01-07,monday,221.4,0.2
2013-01-08,tuesday,217.8,1
2013-01-09,wednesday,255.7,0.1
2013-01-10,thursday,196.9,1.5
2013-01-11,friday,228.9,-1.1
2013-01-12,saturday,208.2,-3.1
2013-01-13,sunday,245.9,0.7
2013-01-14,monday,255.2,0.9
2013-01-15,tuesday,191.3,-0.2
2013-01-16,wednesday,212.7,-1.3
2013-01-17,thursday,214.3,0.3
2013-01-18,friday,182.2,-1.8
2013-01-19,saturday,222.2,0.9
2013-01-20,sunday,205,-2.4
2013-01-21,monday,238.6,-0.9
2013-01-22,tuesday,207.3,-1.4
2013-01-23,wednesday,225.5,0.8
2013-01-24,thursday,218,-0.3
2013-01-25,friday,237.1,-1.2
2013-01-26,saturday,201.2,0.4
2013-01-27,sunday,224.1,0.2
2013-01-28,monday,198.6,0.6
2013-01-29,tuesday,213.9,1.1
2013-01-30,wednesday,231.8,0.7
2013-01-31,thursday,229,0.3
2013-02-01,friday,200.9,0.4
2013-02-02,saturday,205.2,-2
2013-02-03,sunday,223.8,-0.2
2013-02-04,monday,220.7,0.6
2013-02-05,tuesday,232.2,0.8
2013-02-06,wednesday,172.7,0.2
2013-02-07,thursday,178.8,-0.6
2013-02-08,friday,158,0.2
2013-02-09,saturday,205.4,-0.3
2013-02-10,sunday,220.2,0.7
2013-02-11,monday,169.2,-0.7
2013-02-12,tuesday,209.7,-0.9
2013-02-13,wednesday,206.3,-0.3
2013-02-14,thursday,186.4,-0.2
2013-02-15,friday,177.4,0
2013-02-16,saturday,NA,0
2013-02-17,sunday,191.6,-0.9
2013-02-18,monday,194.8,1
2013-02-19,tuesday,192.6,-1
2013-02-20,wednesday,164.4,0.4
2013-02-21,thursday,165.8,0.2
2013-02-22,friday,160.8,0.6
2013-02-23,saturday,200.5,-0.1
2013-02-24,sunday,163.5,0.3
2013-02-25,monday,197.9,0.5
2013-02-26,tuesday,150.7,1.8
2013-02-27,wednesday,200.9,0.1
2013-02-28,thursday,205.1,1.8
2013-03-01,friday,183.1,-1
2013-03-02,saturday,185.6,-3.2
2013-03-03,sunday,183.4,-0.5
2013-03-04,monday,164.6,-1.2
2013-03-05,tuesday,207,0.1
2013-03-06,wednesday,189.3,-0.7
2013-03-07,thursday,186.6,0.4
2013-03-08,friday,202.3,0.9
2013-03-09,saturday,196.9,-0.1
2013-03-10,sunday,161.5,0.8
2013-03-11,monday,166,1
2013-03-12,tuesday,204.2,0.2
2013-03-13,wednesday,203.8,0.1
2013-03-14,thursday,179.5,-0.5
2013-03-15,friday,221,0.3
2013-03-16,saturday,230.7,-0.6
2013-03-17,sunday,187.8,1.3
2013-03-18,monday,221.1,0.7
2013-03-19,tuesday,182.7,-1.6
2013-03-20,wednesday,202.7,-0.8
2013-03-21,thursday,213.3,-0.3
2013-03-22,friday,181.1,-1.1
2013-03-23,saturday,205.1,0.6
2013-03-24,sunday,191.6,0.5
2013-03-25,monday,212.9,-0.6
2013-03-26,tuesday,194.3,2
2013-03-27,wednesday,165.9,0.8
2013-03-28,thursday,232.8,-0.7
2013-03-29,friday,202.7,-1.4
2013-03-30,saturday,228.2,-0.3
2013-03-31,sunday,191.6,-0.2
2013-04-01,monday,227,1
2013-04-02,tuesday,211.6,0.7
2013-04-03,wednesday,211,-1.1
2013-04-04,thursday,205.5,-0.4
2013-04-05,friday,175.2,0.4
2013-04-06,saturday,182.4,0.1
2013-04-07,sunday,175.7,-0.1
2013-04-08,monday,228.3,-0.6
2013-04-09,tuesday,169.4,0
2013-04-10,wednesday,180.5,-0.3
2013-04-11,thursday,209.6,-0.2
2013-04-12,friday,195.8,0.4
2013-04-13,saturday,217.9,-1.3
2013-04-14,sunday,229.6,0.6
2013-04-15,monday,220.5,0.3
2013-04-16,tuesday,202.7,-1.4
2013-04-17,wednesday,190,-1
2013-04-18,thursday,217.5,1.7
2013-04-19,friday,200.6,-0.8
2013-04-20,saturday,204.6,-1.2
2013-04-21,sunday,198.3,0.1
2013-04-22,monday,199.7,-0.6
2013-04-23,tuesday,212.8,-0.9
2013-04-24,wednesday,226.5,0.2
2013-04-25,thursday,196,-0.3
2013-04-26,friday,197.8,-0.5
2013-04-27,saturday,189.2,0
2013-04-28,sunday,214.3,-0.3
2013-04-29,monday,198.2,-0.2
2013-04-30,tuesday,198.9,-1.3
2013-05-01,wednesday,209.9,0.1
2013-05-02,thursday,213.7,0.5
2013-05-03,friday,224.4,0.9
2013-05-04,saturday,220.3,0.8
2013-05-05,sunday,196.4,-0.4
2013-05-06,monday,229.2,0.5
2013-05-07,tuesday,182,-0.4
2013-05-08,wednesday,156.2,-0.8
2013-05-09,thursday,198.4,-0.5
2013-05-10,friday,163.8,0.2
2013-05-11,saturday,211.2,-0.8
2013-05-12,sunday,179.8,0
2013-05-13,monday,242.4,-1.5
2013-05-14,tuesday,176.3,2.4
2013-05-15,wednesday,184.9,-2.7
2013-05-16,thursday,194.7,0.7
2013-05-17,friday,218.3,-1.4
2013-05-18,saturday,197,0.3
2013-05-19,sunday,170.3,0.2
2013-05-20,monday,174.8,-0.6
2013-05-21,tuesday,132.5,0.9
2013-05-22,wednesday,206,-0.5
2013-05-23,thursday,151.5,0.8
2013-05-24,friday,215.5,-0.9
2013-05-25,saturday,158.7,1.8
2013-05-26,sunday,206.7,0.1
2013-05-27,monday,179.8,0.4
2013-05-28,tuesday,201.4,-1
2013-05-29,wednesday,181.3,0.9
2013-05-30,thursday,166,1.2
2013-05-31,friday,186.4,1.6
2013-06-01,saturday,177.6,0.2
2013-06-02,sunday,180,0.5
2013-06-03,monday,197.6,1.2
2013-06-04,tuesday,175.4,-0.3
2013-06-05,wednesday,184,-1.4
2013-06-06,thursday,210.3,0.5
2013-06-07,friday,194.9,0.9
2013-06-08,saturday,179,1.2
2013-06-09,sunday,176.2,-1.1
2013-06-10,monday,155.8,0.4
2013-06-11,tuesday,199.1,-0.2
2013-06-12,wednesday,164.4,-0.1
2013-06-13,thursday,186,0.2
2013-06-14,friday,186.9,1.1
2013-06-15,saturday,186.2,-0.1
2013-06-16,sunday,162.9,-0.3
2013-06-17,monday,220.5,-1.4
2013-06-18,tuesday,173.8,0.5
2013-06-19,wednesday,212.3,-0.2
2013-06-20,thursday,157.6,-0.8
2013-06-21,friday,202.4,0.1
2013-06-22,saturday,197.1,0.5
2013-06-23,sunday,204.5,-1.4
2013-06-24,monday,201.8,0.2
2013-06-25,tuesday,207.7,1.5
2013-06-26,wednesday,231.4,-1.3
2013-06-27,thursday,NA,0.9
2013-06-28,friday,202.8,-0.3
2013-06-29,saturday,208.2,-1.8
2013-06-30,sunday,194.8,0.7
2013-07-01,monday,199,0.2
2013-07-02,tuesday,193.3,-1.4
2013-07-03,wednesday,179.4,1.7
2013-07-04,thursday,204.9,-0.6
2013-07-05,friday,181.7,0.6
2013-07-06,saturday,191.2,-1.1
2013-07-07,sunday,222.9,-0.2
2013-07-08,monday,209.7,-1.6
2013-07-09,tuesday,177.9,0.7
2013-07-10,wednesday,235.5,-1.5
2013-07-11,thursday,276.5,0.5
2013-07-12,friday,191.5,-0.2
2013-07-13,saturday,201.2,0.3
2013-07-14,sunday,234.5,0.1
2013-07-15,monday,209.4,1.2
2013-07-16,tuesday,197.9,0.2
2013-07-17,wednesday,228.2,-1.6
2013-07-18,thursday,220.8,-2.4
2013-07-19,friday,173.4,-0.4
2013-07-20,saturday,219,-0.3
2013-07-21,sunday,206.9,-0.8
2013-07-22,monday,210.6,0.4
2013-07-23,tuesday,184.4,0.1
2013-07-24,wednesday,170.9,0.4
2013-07-25,thursday,196.7,0.3
2013-07-26,friday,216.2,0.1
2013-07-27,saturday,197.5,0.3
2013-07-28,sunday,218.4,1
2013-07-29,monday,166.3,-0.6
2013-07-30,tuesday,167.1,-1.4
2013-07-31,wednesday,169.9,0.9
2013-08-01,thursday,189.5,1.1
2013-08-02,friday,202.8,-0.8
2013-08-03,saturday,160.7,0.4
2013-08-04,sunday,164.2,-2.1
2013-08-05,monday,206.9,-1.7
2013-08-06,tuesday,190.4,-0.2
2013-08-07,wednesday,197.3,1.1
2013-08-08,thursday,183.2,-1.1
2013-08-09,friday,165.6,0.5
2013-08-10,saturday,200.1,-0.1
2013-08-11,sunday,178.1,-1.4
2013-08-12,monday,158.4,-0.5
2013-08-13,tuesday,197.1,-0.6
2013-08-14,wednesday,197.2,-1.7
2013-08-15,thursday,162.7,-0.1
2013-08-16,friday,179.3,-0.9
2013-08-17,saturday,123.2,1.2
2013-08-18,sunday,142.2,2
2013-08-19,monday,164.6,-0.2
2013-08-20,tuesday,179.1,0
2013-08-21,wednesday,194.5,0.8
2013-08-22,thursday,178.5,-0.4
2013-08-23,friday,169.2,-0.3
2013-08-24,saturday,162.2,2.1
2013-08-25,sunday,193.1,-0.2
2013-08-26,monday,157.2,1.7
2013-08-27,tuesday,154.7,-0.6
2013-08-28,wednesday,172,2.7
2013-08-29,thursday,191.6,-0.8
2013-08-30,friday,164.5,0.8
2013-08-31,saturday,NA,-1
2013-09-01,sunday,201.7,0.1
2013-09-02,monday,186.1,1.5
2013-09-03,tuesday,185.4,0.3
2013-09-04,wednesday,183.2,1.6
2013-09-05,thursday,164.1,-0.9
2013-09-06,friday,216.9,-1.1
2013-09-07,saturday,181.4,0.9
2013-09-08,sunday,168.6,-1
2013-09-09,monday,117.1,0.1
2013-09-10,tuesday,211.2,-1.5
2013-09-11,wednesday,207,0.1
2013-09-12,thursday,167.9,-1
2013-09-13,friday,154.6,-0.4
2013-09-14,saturday,165.5,1.6
2013-09-15,sunday,203.1,-1.1
2013-09-16,monday,194.4,-0.9
2013-09-17,tuesday,155.5,-0.8
2013-09-18,wednesday,187.3,0.4
2013-09-19,thursday,174.8,-0.2
2013-09-20,friday,186.2,-1.1
2013-09-21,saturday,211,1.1
2013-09-22,sunday,195.9,0.1
2013-09-23,monday,216.2,1.6
2013-09-24,tuesday,206.4,0.5
2013-09-25,wednesday,195.2,0.5
2013-09-26,thursday,182.5,-0.6
2013-09-27,friday,161.9,1.5
2013-09-28,saturday,220.3,-0.6
2013-09-29,sunday,176.7,-0.4
2013-09-30,monday,188.8,1.3
2013-10-01,tuesday,186.2,1.9
2013-10-02,wednesday,220.4,0.3
2013-10-03,thursday,222.8,-1.7
2013-10-04,friday,196.4,-1
2013-10-05,saturday,171.9,-1.5
2013-10-06,sunday,199.1,0.5
2013-10-07,monday,192.1,-1.8
2013-10-08,tuesday,174.9,0.3
2013-10-09,wednesday,207.5,0.6
2013-10-10,thursday,174.8,-1.8
2013-10-11,friday,187.3,-0.6
2013-10-12,saturday,202.4,-0.5
2013-10-13,sunday,225.6,-1.6
2013-10-14,monday,194.4,0.5
2013-10-15,tuesday,191.8,0.9
2013-10-16,wednesday,188.7,1.2
2013-10-17,thursday,188,0.1
2013-10-18,friday,201.3,1.4
2013-10-19,saturday,196.1,1.3
2013-10-20,sunday,213.8,-0.3
2013-10-21,monday,211.8,0.2
2013-10-22,tuesday,171.6,0.4
2013-10-23,wednesday,221,-0.9
2013-10-24,thursday,159.4,0.4
2013-10-25,friday,178.9,2.2
2013-10-26,saturday,196.8,-2.2
2013-10-27,sunday,181.3,-1
2013-10-28,monday,195.9,0
2013-10-29,tuesday,184.2,1
2013-10-30,wednesday,211.6,0.6
2013-10-31,thursday,166.1,0.6
2013-11-01,friday,196.3,-1.5
2013-11-02,saturday,183,-0.8
2013-11-03,sunday,174.2,-0.3
2013-11-04,monday,198.8,0.4
2013-11-05,tuesday,170.2,-1.9
2013-11-06,wednesday,198.6,-0.8
2013-11-07,thursday,149.8,1.2
2013-11-08,friday,179.6,1.2
2013-11-09,saturday,223.4,1.1
2013-11-10,sunday,183.3,-0.5
2013-11-11,monday,197.5,3.4
2013-11-12,tuesday,145.8,0.7
2013-11-13,wednesday,168.8,1.2
2013-11-14,thursday,136.1,-0.6
2013-11-15,friday,182.5,0.6
2013-11-16,saturday,140,0.4
2013-11-17,sunday,190.3,-1
2013-11-18,monday,157.6,0.4
2013-11-19,tuesday,158.9,-0.2
2013-11-20,wednesday,162.6,-0.4
2013-11-21,thursday,157.3,0.5
2013-11-22,friday,142.6,-0.4
2013-11-23,saturday,147.4,-1.2
2013-11-24,sunday,146.3,-1.4
2013-11-25,monday,142.6,0.5
2013-11-26,tuesday,209.2,0.6
2013-11-27,wednesday,167.9,0.8
2013-11-28,thursday,167.4,-0.6
2013-11-29,friday,144,-1.6
2013-11-30,saturday,171.7,0.9
2013-12-01,sunday,179.7,0.3
2013-12-02,monday,161.6,0
2013-12-03,tuesday,187.6,-0.6
2013-12-04,wednesday,141.9,0.5
2013-12-05,thursday,171.9,-0.1
2013-12-06,friday,176.7,1.2
2013-12-07,saturday,175.8,-0.5
2013-12-08,sunday,187.7,1
2013-12-09,monday,169.4,1
2013-12-10,tuesday,183.9,-1
2013-12-11,wednesday,189,-1.1
2013-12-12,thursday,159.2,0.6
2013-12-13,friday,186.2,-1
2013-12-14,saturday,162.7,-1.8
2013-12-15,sunday,192.7,-0.8
2013-12-16,monday,192.4,1.3
2013-12-17,tuesday,161.5,0.8
2013-12-18,wednesday,174.7,1.3
2013-12-19,thursday,134.3,-0.2
2013-12-20,friday,213.3,-1.4
2013-12-21,saturday,183,0.3
2013-12-22,sunday,182.1,-0.5
2013-12-23,monday,210.2,-1.2
2013-12-24,tuesday,183.9,0
2013-12-25,wednesday,198.7,-1
2013-12-26,thursday,194.2,-1.6
2013-12-27,friday,214.2,-0.8
2013-12-28,saturday,150,-1.3
2013-12-29,sunday,198.6,-1.3
2013-12-30,monday,154,-1
2013-12-31,tuesday,189.4,0.6
2014-01-01,wednesday,177.1,0.8
2014-01-02,thursday,215.4,-0.3
2014-01-03,friday,168.7,1.5
2014-01-04,saturday,190.8,-0.8
2014-01-05,sunday,173.5,0
2014-01-06,monday,153.4,-0.8
2014-01-07,tuesday,170.2,0.2
2014-01-08,wednesday,204.7,0.8
2014-01-09,thursday,228.1,-0.8
2014-01-10,friday,184.5,-1.1
2014-01-11,saturday,152.3,1.7
2014-01-12,sunday,192.9,1.5
2014-01-13,monday,182.3,0
2014-01-14,tuesday,181.7,-0.8
2014-01-15,wednesday,179.5,-0.2
2014-01-16,thursday,198.5,-0.1
2014-01-17,friday,149.8,0.1
2014-01-18,saturday,208.6,0.1
2014-01-19,sunday,208.5,0.9
2014-01-20,monday,202.6,0.4
2014-01-21,tuesday,195.3,0.6
2014-01-22,wednesday,161,0.3
2014-01-23,thursday,192.5,1.5
2014-01-24,friday,179,1.5
2014-01-25,saturday,199.8,0.4
2014-01-26,sunday,193.1,1
2014-01-27,monday,189.7,-0.2
2014-01-28,tuesday,185.6,-1.1
2014-01-29,wednesday,180.9,-0.8
2014-01-30,thursday,183.2,-1.7
2014-01-31,friday,153.2,-0.7
2014-02-01,saturday,221,-2.1
2014-02-02,sunday,192.3,0
2014-02-03,monday,181,0.3
2014-02-04,tuesday,124.7,1.5
2014-02-05,wednesday,167.2,0
2014-02-06,thursday,182.2,-1.6
2014-02-07,friday,170.9,-1
2014-02-08,saturday,151,-0.4
2014-02-09,sunday,175,-0.1
2014-02-10,monday,136.3,0.4
2014-02-11,tuesday,159.7,-1.8
2014-02-12,wednesday,163.9,0.3
2014-02-13,thursday,170.5,-0.3
2014-02-14,friday,142.7,0
2014-02-15,saturday,147.9,0.7
2014-02-16,sunday,170.5,-1.5
2014-02-17,monday,150.6,1.1
2014-02-18,tuesday,160.6,1.2
2014-02-19,wednesday,116.1,0.7
2014-02-20,thursday,135.7,0.1
2014-02-21,friday,194,-0.4
2014-02-22,saturday,169.7,-0.6
2014-02-23,sunday,163.1,0
2014-02-24,monday,152.8,0.8
2014-02-25,tuesday,122.6,-0.2
2014-02-26,wednesday,156.4,3
2014-02-27,thursday,138.6,0.3
2014-02-28,friday,158.9,0.2
2014-03-01,saturday,179.6,0.1
2014-03-02,sunday,NA,-0.9
2014-03-03,monday,167.7,0.1
2014-03-04,tuesday,192.3,-1.3
2014-03-05,wednesday,147,0.2
2014-03-06,thursday,136.7,-0.2
2014-03-07,friday,146.4,-0.6
2014-03-08,saturday,171.8,0.5
2014-03-09,sunday,167.1,0.5
2014-03-10,monday,182.8,0.1
2014-03-11,tuesday,189.5,-1.6
2014-03-12,wednesday,169.1,-0.1
2014-03-13,thursday,161.7,-0.5
2014-03-14,friday,146.7,0.1
2014-03-15,saturday,120.9,-0.4
2014-03-16,sunday,183.3,0.5
2014-03-17,monday,172.7,-0.2
2014-03-18,tuesday,164.1,0.1
2014-03-19,wednesday,161.5,0.1
2014-03-20,thursday,209.8,-0.3
2014-03-21,friday,176,0
2014-03-22,saturday,202.5,1.3
2014-03-23,sunday,170.3,-0.3
2014-03-24,monday,152.5,0
2014-03-25,tuesday,167,0.6
2014-03-26,wednesday,165.6,-0.5
2014-03-27,thursday,161.9,-1
2014-03-28,friday,175.1,0.2
2014-03-29,saturday,158.9,-0.3
2014-03-30,sunday,141.6,1.2
2014-03-31,monday,196.6,-1
2014-04-01,tuesday,217.9,-1
2014-04-02,wednesday,195.3,1.5
2014-04-03,thursday,185,0.5
2014-04-04,friday,213.4,-0.1
2014-04-05,saturday,184.2,2.7
2014-04-06,sunday,196,-1
2014-04-07,monday,168.3,-0.7
2014-04-08,tuesday,173.6,-0.3
2014-04-09,wednesday,211.8,0.9
2014-04-10,thursday,192.3,-0.2
2014-04-11,friday,186,0.6
2014-04-12,saturday,183.4,-1.2
2014-04-13,sunday,199.1,2.4
2014-04-14,monday,186.5,0.1
2014-04-15,tuesday,171.6,0.4
2014-04-16,wednesday,175.5,-1.8
2014-04-17,thursday,162.6,1.2
2014-04-18,friday,197.9,-0.2
2014-04-19,saturday,190.3,0
2014-04-20,sunday,165.8,0
2014-04-21,monday,166.9,1.9
2014-04-22,tuesday,252.8,2.3
2014-04-23,wednesday,179.8,0.7
2014-04-24,thursday,206.7,0.8
2014-04-25,friday,173.2,-1
2014-04-26,saturday,167.4,1.1
2014-04-27,sunday,195.3,-0.3
2014-04-28,monday,222.8,0.8
2014-04-29,tuesday,129.1,0.6
2014-04-30,wednesday,158.4,-0.2
2014-05-01,thursday,173.2,-1.2
2014-05-02,friday,147.3,-0.6
2014-05-03,saturday,185.8,0.5
2014-05-04,sunday,160.8,-0.8
2014-05-05,monday,180.5,-0.1
2014-05-06,tuesday,168.8,-1.3
2014-05-07,wednesday,172.3,0
2014-05-08,thursday,140.6,-0.9
2014-05-09,friday,150.7,-0.6
2014-05-10,saturday,176.3,0.4
2014-05-11,sunday,153.6,0.2
2014-05-12,monday,153.3,-0.9
2014-05-13,tuesday,145.5,-0.9
2014-05-14,wednesday,120.1,0.6
2014-05-15,thursday,111.7,1.1
2014-05-16,friday,178.4,2.6
2014-05-17,saturday,169.9,2.5
2014-05-18,sunday,175.2,-0.5
2014-05-19,monday,123.3,0.2
2014-05-20,tuesday,148.3,0.5
2014-05-21,wednesday,138.3,-1.1
2014-05-22,thursday,168.9,0.6
2014-05-23,friday,165.6,0.2
2014-05-24,saturday,199.2,-1.1
2014-05-25,sunday,146.4,1.2
2014-05-26,monday,144.5,-0.5
2014-05-27,tuesday,136.1,1.6
2014-05-28,wednesday,157.2,0.4
2014-05-29,thursday,176.2,-1.7
2014-05-30,friday,206.2,2.1
2014-05-31,saturday,152.9,0
2014-06-01,sunday,157.1,0.9
2014-06-02,monday,145.6,1.2
2014-06-03,tuesday,158.7,0.9
2014-06-04,wednesday,123.4,-1.3
2014-06-05,thursday,176.2,-2.9
2014-06-06,friday,152.6,-0.4
2014-06-07,saturday,158.4,-0.4
2014-06-08,sunday,144.7,-2.6
2014-06-09,monday,173.1,1.5
2014-06-10,tuesday,141.1,0.3
2014-06-11,wednesday,144.8,-1.1
2014-06-12,thursday,140.9,-0.8
2014-06-13,friday,103.1,-0.7
2014-06-14,saturday,162.6,0
2014-06-15,sunday,175.5,0.9
2014-06-16,monday,168.7,1.1
2014-06-17,tuesday,185.6,-0.7
2014-06-18,wednesday,159.3,-0.7
2014-06-19,thursday,163.5,-0.7
2014-06-20,friday,148,0.9
2014-06-21,saturday,199.2,-1.1
2014-06-22,sunday,125.1,0.3
2014-06-23,monday,148.3,-1.8
2014-06-24,tuesday,154.5,0.5
2014-06-25,wednesday,201.6,0.3
2014-06-26,thursday,127.2,-0.1
2014-06-27,friday,160.3,-0.5
2014-06-28,saturday,134.8,1.8
2014-06-29,sunday,171,1.5
2014-06-30,monday,169.5,0.5
2014-07-01,tuesday,147.8,-0.1
2014-07-02,wednesday,186.9,0.9
2014-07-03,thursday,173.1,-0.9
2014-07-04,friday,191.4,1.1
2014-07-05,saturday,181.4,-1.6
2014-07-06,sunday,148.4,-0.2
2014-07-07,monday,173.2,-0.6
2014-07-08,tuesday,172.7,-0.1
2014-07-09,wednesday,217.1,0.7
2014-07-10,thursday,180.6,-1.7
2014-07-11,friday,164.4,1
2014-07-12,saturday,164.8,1.5
2014-07-13,sunday,185.8,-1.2
2014-07-14,monday,172.3,-0.6
2014-07-15,tuesday,196.4,-0.9
2014-07-16,wednesday,169.6,-0.8
2014-07-17,thursday,175.2,0.5
2014-07-18,friday,187.1,0
2014-07-19,saturday,146.5,1.9
2014-07-20,sunday,215.8,-2
2014-07-21,monday,160.8,-1.4
2014-07-22,tuesday,156,-2.3
2014-07-23,wednesday,188.7,-0.5
2014-07-24,thursday,177,0.8
2014-07-25,friday,150.4,1.4
2014-07-26,saturday,169.5,0.9
2014-07-27,sunday,170.1,0
2014-07-28,monday,155,0.2
2014-07-29,tuesday,141.7,1.2
2014-07-30,wednesday,164.6,0.5
2014-07-31,thursday,130.9,-1.3
2014-08-01,friday,174.6,-0.2
2014-08-02,saturday,133.3,-1.8
2014-08-03,sunday,129.5,1.4
2014-08-04,monday,122.9,2.2
2014-08-05,tuesday,172.3,1.3
2014-08-06,wednesday,140.6,-0.1
2014-08-07,thursday,135.8,0.3
2014-08-08,friday,200.1,0
2014-08-09,saturday,139.4,-0.6
2014-08-10,sunday,170.8,-1
2014-08-11,monday,136.6,0.7
2014-08-12,tuesday,115.8,-0.1
2014-08-13,wednesday,200.7,-0.6
2014-08-14,thursday,156.5,-0.6
2014-08-15,friday,153.1,0.9
2014-08-16,saturday,129.9,-0.4
2014-08-17,sunday,151.1,0.6
2014-08-18,monday,135.6,0.1
2014-08-19,tuesday,139.9,-0.8
2014-08-20,wednesday,131.2,-0.2
2014-08-21,thursday,143,1
2014-08-22,friday,118.5,0.7
2014-08-23,saturday,127.3,-1.8
2014-08-24,sunday,132,1.2
2014-08-25,monday,161.2,1.9
2014-08-26,tuesday,135.6,-1.7
2014-08-27,wednesday,178.3,-0.4
2014-08-28,thursday,138.7,0.6
2014-08-29,friday,143.6,1.3
2014-08-30,saturday,142.5,-0.9
2014-08-31,sunday,149.7,0.4
2014-09-01,monday,131.8,-0.8
2014-09-02,tuesday,135.8,-1.7
2014-09-03,wednesday,136.5,0.7
2014-09-04,thursday,109.2,0.5
2014-09-05,friday,144,-0.6
2014-09-06,saturday,111.2,-1
2014-09-07,sunday,154.4,0.9
2014-09-08,monday,135.9,-0.5
2014-09-09,tuesday,135.7,-1.5
2014-09-10,wednesday,137.8,-0.9
2014-09-11,thursday,131.6,1
2014-09-12,friday,141.7,2.2
2014-09-13,saturday,167.6,-0.1
2014-09-14,sunday,166.1,0.6
2014-09-15,monday,134.5,0.6
2014-09-16,tuesday,NA,-0.3
2014-09-17,wednesday,144.5,1
2014-09-18,thursday,124.3,-1.1
2014-09-19,friday,132.8,0.8
2014-09-20,saturday,152.3,0.1
2014-09-21,sunday,120.8,0.2
2014-09-22,monday,142,1
2014-09-23,tuesday,132.2,-0.6
2014-09-24,wednesday,160.7,-0.9
2014-09-25,thursday,186,-0.3
2014-09-26,friday,171.2,0
2014-09-27,saturday,188.1,2.3
2014-09-28,sunday,165.5,-1.4
2014-09-29,monday,157.5,-0.6
2014-09-30,tuesday,123.4,2.2
2014-10-01,wednesday,166.8,2.4
2014-10-02,thursday,164.3,0
2014-10-03,friday,88.7,2.6
2014-10-04,saturday,143.1,0.6
2014-10-05,sunday,141.4,0.5
2014-10-06,monday,177.8,0
2014-10-07,tuesday,146.5,1.3
2014-10-08,wednesday,148.6,1.4
2014-10-09,thursday,120.6,0.9
2014-10-10,friday,166,-0.9
2014-10-11,saturday,159.1,-0.3
2014-10-12,sunday,157.3,-0.1
2014-10-13,monday,188.9,1.4
2014-10-14,tuesday,110.2,0.2
2014-10-15,wednesday,174.6,1.3
2014-10-16,thursday,122.7,-1.2
2014-10-17,friday,145.3,0.3
2014-10-18,saturday,140.4,1
2014-10-19,sunday,179.5,2.3
2014-10-20,monday,158.8,-1.1
2014-10-21,tuesday,184,-0.3
2014-10-22,wednesday,182.3,-1.9
2014-10-23,thursday,131.2,1.9
2014-10-24,friday,140.5,0.6
2014-10-25,saturday,153.4,0.8
2014-10-26,sunday,108,0.3
2014-10-27,monday,147.6,-2.1
2014-10-28,tuesday,162.6,0.8
2014-10-29,wednesday,166.6,1.2
2014-10-30,thursday,161.2,-1.5
2014-10-31,friday,170.5,0.5
2014-11-01,saturday,162.4,-1.8
2014-11-02,sunday,133.9,0.7
2014-11-03,monday,123.4,-1.2
2014-11-04,tuesday,144.5,0.1
2014-11-05,wednesday,150,-0.3
2014-11-06,thursday,141.2,-0.1
2014-11-07,friday,145.1,0
2014-11-08,saturday,136.7,-0.7
2014-11-09,sunday,162,1.5
2014-11-10,monday,119.2,1.4
2014-11-11,tuesday,151.8,0.2
2014-11-12,wednesday,161.5,0.3
2014-11-13,thursday,153.5,-0.4
2014-11-14,friday,132.7,-1.8
2014-11-15,saturday,124.5,-1.8
2014-11-16,sunday,118.4,0.3
2014-11-17,monday,141.7,0.1
2014-11-18,tuesday,139.8,0
2014-11-19,wednesday,85.3,0.2
2014-11-20,thursday,127.7,0.2
2014-11-21,friday,137.7,0
2014-11-22,saturday,119.2,-1
2014-11-23,sunday,84.9,1.2
2014-11-24,monday,163.7,0.8
2014-11-25,tuesday,98.8,-1.4
2014-11-26,wednesday,104.7,0.2
2014-11-27,thursday,61,0.2
2014-11-28,friday,66.6,0.1
2014-11-29,saturday,110.2,-0.2
2014-11-30,sunday,143.4,0.5
2014-12-01,monday,120.4,-1.7
2014-12-02,tuesday,141.1,-2
2014-12-03,wednesday,121.1,0.1
2014-12-04,thursday,112.2,1.3
2014-12-05,friday,124.8,-1
2014-12-06,saturday,103.5,0.8
2014-12-07,sunday,115.1,-0.6
2014-12-08,monday,159.4,-1.1
2014-12-09,tuesday,131.4,1.3
2014-12-10,wednesday,145.2,-0.6
2014-12-11,thursday,118.3,-0.5
2014-12-12,friday,142,-0.1
2014-12-13,saturday,84.7,0.5
2014-12-14,sunday,147.1,1.1
2014-12-15,monday,125.6,0.1
2014-12-16,tuesday,104.8,-0.7
2014-12-17,wednesday,118.3,-0.7
2014-12-18,thursday,155,-0.5
2014-12-19,friday,102.4,0.6
2014-12-20,saturday,119,-0.5
2014-12-21,sunday,171.5,-0.7
2014-12-22,monday,110.9,1.5
2014-12-23,tuesday,129.1,-0.9
2014-12-24,wednesday,160.5,-1
2014-12-25,thursday,159,-0.5
2014-12-26,friday,160.2,-0.1
2014-12-27,saturday,130.4,3.6
2014-12-28,sunday,113.4,-0.3
2014-12-29,monday,90.1,0.1
2014-12-30,tuesday,152.8,1
2014-12-31,wednesday,166,-0.2
